Student_ID,Sinhala_Tamil,Sinhala_Tamil_Grade,Maths,Maths_Grade,Science,Science_Grade,Buddhism,Buddhism_Grade,English,English_Grade,History,History_Grade,Basket1_Subject,Basket1_Marks,Basket1_Grade,Basket2_Subject,Basket2_Marks,Basket2_Grade,Basket3_Subject,Basket3_Marks,Basket3_Grade,Total_Marks,Average_Marks,Overall_Grade
STU0001,5,F,83,A,36,C,72,B,36,C,45,C,Agriculture,80,A,Music,99,A,ICT,87,A,543,60.33,B
STU0002,20,F,78,A,77,A,59,B,75,A,48,C,Agriculture,36,C,Dance,50,C,Media,95,A,538,59.78,B
STU0003,65,B,32,F,72,B,74,B,90,A,68,B,Agriculture,60,B,English_Lit,90,A,Health,45,C,596,66.22,B
STU0004,57,B,87,A,65,B,5,F,86,A,22,F,Commerce,71,B,English_Lit,76,A,Health,99,A,568,63.11,B
STU0005,62,B,60,B,52,C,69,B,8,F,55,B,Agriculture,96,A,Dance,95,A,Home_Science,4,F,501,55.67,B
STU0006,57,B,0,F,87,A,25,F,20,F,50,C,Commerce,85,A,Drama,40,C,Home_Science,9,F,373,41.44,C
STU0007,62,B,95,A,33,F,64,B,44,C,87,A,Agriculture,45,C,Sinhala_Lit,40,C,Home_Science,59,B,529,58.78,B
STU0008,55,B,49,C,35,C,45,C,91,A,65,B,Commerce,66,B,Art,85,A,ICT,51,C,542,60.22,B
STU0009,45,C,36,C,77,A,91,A,35,C,53,C,Commerce,20,F,Music,52,C,Media,100,A,509,56.56,B
STU0010,79,A,90,A,67,B,83,A,93,A,85,A,Agriculture,91,A,Art,55,B,Home_Science,53,C,696,77.33,A
STU0011,36,C,69,B,68,B,41,C,85,A,81,A,Commerce,56,B,Drama,63,B,Media,87,A,586,65.11,B
STU0012,64,B,43,C,74,B,47,C,24,F,49,C,Agriculture,49,C,Dance,93,A,Health,49,C,492,54.67,C
STU0013,63,B,36,C,35,C,70,B,90,A,70,B,Commerce,46,C,Art,56,B,Home_Science,74,B,540,60,B
STU0014,84,A,75,A,47,C,37,C,84,A,48,C,Agriculture,74,B,Music,60,B,Media,33,F,542,60.22,B
STU0015,51,C,84,A,69,B,51,C,28,F,72,B,Agriculture,91,A,Music,67,B,Home_Science,89,A,602,66.89,B
STU0016,53,C,68,B,59,B,61,B,82,A,82,A,Commerce,1,F,Music,65,B,ICT,15,F,486,54,C
STU0017,88,A,60,B,44,C,65,B,35,C,100,A,Commerce,68,B,Art,68,B,Home_Science,67,B,595,66.11,B
STU0018,31,F,84,A,38,C,49,C,86,A,55,B,Agriculture,64,B,Dance,36,C,ICT,58,B,501,55.67,B
STU0019,65,B,99,A,67,B,39,C,79,A,75,A,Commerce,77,A,Dance,9,F,Media,61,B,571,63.44,B
STU0020,56,B,7,F,57,B,36,C,61,B,82,A,Agriculture,39,C,Music,64,B,Health,66,B,468,52,C
STU0021,76,A,4,F,42,C,39,C,55,B,94,A,Agriculture,92,A,Dance,59,B,Home_Science,94,A,555,61.67,B
STU0022,45,C,55,B,91,A,95,A,47,C,94,A,Agriculture,58,B,English_Lit,72,B,Media,57,B,614,68.22,B
STU0023,46,C,70,B,52,C,80,A,63,B,99,A,Commerce,86,A,Art,54,C,ICT,37,C,587,65.22,B
STU0024,63,B,63,B,74,B,52,C,96,A,65,B,Agriculture,95,A,English_Lit,42,C,ICT,7,F,557,61.89,B
STU0025,69,B,86,A,80,A,79,A,68,B,35,C,Agriculture,37,C,Art,68,B,Media,87,A,609,67.67,B
STU0026,77,A,78,A,87,A,36,C,72,B,84,A,Agriculture,65,B,Music,64,B,Health,81,A,644,71.56,B
STU0027,70,B,4,F,100,A,80,A,72,B,37,C,Agriculture,61,B,Drama,68,B,Health,13,F,505,56.11,B
STU0028,2,F,84,A,81,A,59,B,91,A,3,F,Agriculture,90,A,Sinhala_Lit,60,B,Home_Science,96,A,566,62.89,B
STU0029,57,B,9,F,59,B,96,A,66,B,63,B,Agriculture,60,B,Sinhala_Lit,72,B,ICT,75,A,557,61.89,B
STU0030,94,A,91,A,96,A,69,B,82,A,72,B,Agriculture,18,F,Drama,64,B,Health,36,C,622,69.11,B
STU0031,73,B,23,F,96,A,38,C,94,A,24,F,Commerce,58,B,Drama,99,A,Media,100,A,605,67.22,B
STU0032,65,B,54,C,68,B,99,A,63,B,50,C,Commerce,36,C,English_Lit,59,B,Health,79,A,573,63.67,B
STU0033,40,C,67,B,80,A,82,A,60,B,90,A,Commerce,63,B,Dance,91,A,Home_Science,48,C,621,69,B
STU0034,90,A,56,B,68,B,65,B,55,B,46,C,Agriculture,42,C,English_Lit,72,B,Home_Science,93,A,587,65.22,B
STU0035,62,B,8,F,61,B,90,A,55,B,39,C,Agriculture,86,A,Sinhala_Lit,37,C,Health,36,C,474,52.67,C
STU0036,39,C,75,A,71,B,70,B,12,F,42,C,Agriculture,70,B,Music,66,B,Home_Science,43,C,488,54.22,C
STU0037,7,F,61,B,4,F,69,B,88,A,97,A,Commerce,58,B,Dance,87,A,Home_Science,98,A,569,63.22,B
STU0038,46,C,11,F,49,C,65,B,13,F,85,A,Agriculture,54,C,Drama,72,B,ICT,59,B,454,50.44,C
STU0039,42,C,92,A,44,C,80,A,50,C,90,A,Agriculture,63,B,Drama,84,A,ICT,69,B,614,68.22,B
STU0040,94,A,87,A,74,B,62,B,80,A,71,B,Agriculture,63,B,Sinhala_Lit,44,C,Media,82,A,657,73,B
STU0041,88,A,77,A,72,B,29,F,59,B,86,A,Commerce,44,C,Drama,49,C,Health,74,B,578,64.22,B
STU0042,84,A,54,C,19,F,99,A,49,C,10,F,Agriculture,60,B,Dance,15,F,ICT,37,C,427,47.44,C
STU0043,49,C,58,B,91,A,15,F,68,B,82,A,Agriculture,39,C,Sinhala_Lit,67,B,ICT,64,B,533,59.22,B
STU0044,74,B,53,C,42,C,49,C,73,B,100,A,Commerce,40,C,Art,58,B,ICT,40,C,529,58.78,B
STU0045,90,A,95,A,87,A,42,C,88,A,77,A,Agriculture,44,C,Dance,39,C,Media,75,A,637,70.78,B
STU0046,57,B,64,B,77,A,45,C,68,B,58,B,Agriculture,59,B,Dance,49,C,Home_Science,78,A,555,61.67,B
STU0047,70,B,86,A,82,A,97,A,53,C,58,B,Commerce,66,B,Dance,89,A,Home_Science,42,C,643,71.44,B
STU0048,45,C,49,C,99,A,62,B,88,A,60,B,Agriculture,86,A,Drama,68,B,ICT,82,A,639,71,B
STU0049,82,A,62,B,54,C,54,C,35,C,65,B,Agriculture,76,A,Art,8,F,Health,40,C,476,52.89,C
STU0050,60,B,39,C,43,C,92,A,67,B,63,B,Agriculture,77,A,Art,89,A,Health,86,A,616,68.44,B
STU0051,48,C,49,C,70,B,56,B,49,C,82,A,Commerce,56,B,Sinhala_Lit,100,A,Health,79,A,589,65.44,B
STU0052,82,A,4,F,34,F,72,B,64,B,61,B,Agriculture,100,A,English_Lit,71,B,Media,76,A,564,62.67,B
STU0053,71,B,95,A,83,A,84,A,47,C,42,C,Commerce,23,F,English_Lit,46,C,ICT,56,B,547,60.78,B
STU0054,75,A,73,B,25,F,99,A,95,A,41,C,Agriculture,62,B,Drama,64,B,Media,64,B,598,66.44,B
STU0055,93,A,96,A,50,C,73,B,69,B,57,B,Commerce,48,C,English_Lit,23,F,Home_Science,61,B,570,63.33,B
STU0056,35,C,42,C,54,C,42,C,73,B,67,B,Commerce,77,A,English_Lit,93,A,Media,96,A,579,64.33,B
STU0057,36,C,85,A,47,C,57,B,64,B,67,B,Commerce,88,A,Art,46,C,ICT,48,C,538,59.78,B
STU0058,69,B,97,A,50,C,3,F,60,B,78,A,Commerce,41,C,Dance,42,C,Home_Science,4,F,444,49.33,C
STU0059,70,B,39,C,70,B,93,A,94,A,48,C,Commerce,66,B,English_Lit,79,A,Home_Science,62,B,621,69,B
STU0060,79,A,42,C,43,C,84,A,15,F,16,F,Agriculture,78,A,Art,64,B,ICT,97,A,518,57.56,B
STU0061,83,A,33,F,71,B,66,B,89,A,81,A,Agriculture,57,B,Music,78,A,Home_Science,71,B,629,69.89,B
STU0062,91,A,75,A,98,A,66,B,79,A,53,C,Commerce,73,B,English_Lit,63,B,ICT,89,A,687,76.33,A
STU0063,5,F,51,C,26,F,69,B,39,C,59,B,Agriculture,72,B,Dance,95,A,Health,42,C,458,50.89,C
STU0064,89,A,37,C,62,B,62,B,64,B,52,C,Agriculture,72,B,Sinhala_Lit,55,B,ICT,59,B,552,61.33,B
STU0065,48,C,49,C,78,A,83,A,42,C,18,F,Agriculture,48,C,Dance,3,F,Home_Science,56,B,425,47.22,C
STU0066,42,C,52,C,37,C,40,C,64,B,40,C,Agriculture,22,F,Art,69,B,Media,32,F,398,44.22,C
STU0067,62,B,60,B,84,A,36,C,82,A,89,A,Commerce,2,F,Dance,39,C,Home_Science,98,A,552,61.33,B
STU0068,73,B,29,F,75,A,79,A,40,C,92,A,Commerce,5,F,Art,70,B,Health,48,C,511,56.78,B
STU0069,78,A,16,F,47,C,65,B,93,A,11,F,Commerce,44,C,Art,67,B,Media,50,C,471,52.33,C
STU0070,92,A,64,B,100,A,42,C,90,A,77,A,Commerce,55,B,Art,48,C,ICT,99,A,667,74.11,B
STU0071,94,A,90,A,61,B,78,A,74,B,58,B,Commerce,42,C,Sinhala_Lit,95,A,Media,48,C,640,71.11,B
STU0072,40,C,55,B,43,C,57,B,25,F,73,B,Agriculture,69,B,Drama,60,B,ICT,96,A,518,57.56,B
STU0073,13,F,76,A,75,A,80,A,58,B,46,C,Agriculture,64,B,Sinhala_Lit,50,C,ICT,44,C,506,56.22,B
STU0074,57,B,66,B,83,A,92,A,52,C,91,A,Agriculture,59,B,Dance,45,C,Home_Science,40,C,585,65,B
STU0075,61,B,89,A,82,A,17,F,70,B,21,F,Agriculture,56,B,Art,66,B,Health,72,B,534,59.33,B
STU0076,94,A,76,A,53,C,45,C,51,C,96,A,Commerce,72,B,Sinhala_Lit,82,A,Health,74,B,643,71.44,B
STU0077,48,C,70,B,56,B,58,B,92,A,44,C,Agriculture,18,F,Music,50,C,Health,46,C,482,53.56,C
STU0078,95,A,81,A,68,B,48,C,28,F,80,A,Commerce,13,F,Sinhala_Lit,36,C,ICT,92,A,541,60.11,B
STU0079,99,A,45,C,15,F,67,B,45,C,27,F,Commerce,78,A,Dance,57,B,ICT,5,F,438,48.67,C
STU0080,69,B,88,A,56,B,40,C,24,F,81,A,Commerce,57,B,Dance,67,B,Home_Science,89,A,571,63.44,B
STU0081,57,B,50,C,82,A,48,C,61,B,66,B,Commerce,56,B,Drama,89,A,Health,65,B,574,63.78,B
STU0082,93,A,92,A,35,C,48,C,87,A,91,A,Agriculture,46,C,Sinhala_Lit,62,B,Home_Science,47,C,601,66.78,B
STU0083,20,F,37,C,97,A,73,B,97,A,88,A,Commerce,60,B,Drama,76,A,ICT,64,B,612,68,B
STU0084,33,F,40,C,95,A,96,A,98,A,93,A,Commerce,65,B,Sinhala_Lit,94,A,Home_Science,90,A,704,78.22,A
STU0085,41,C,64,B,79,A,87,A,36,C,14,F,Agriculture,76,A,Art,54,C,ICT,85,A,536,59.56,B
STU0086,64,B,12,F,52,C,46,C,65,B,69,B,Agriculture,55,B,Drama,41,C,Health,65,B,469,52.11,C
STU0087,39,C,80,A,64,B,48,C,63,B,92,A,Agriculture,46,C,English_Lit,56,B,Health,60,B,548,60.89,B
STU0088,89,A,1,F,8,F,49,C,42,C,71,B,Commerce,33,F,Art,38,C,Home_Science,62,B,393,43.67,C
STU0089,70,B,36,C,90,A,62,B,77,A,67,B,Agriculture,74,B,Music,1,F,Health,70,B,547,60.78,B
STU0090,50,C,72,B,47,C,85,A,69,B,46,C,Commerce,1,F,Art,89,A,ICT,69,B,528,58.67,B
STU0091,60,B,67,B,66,B,90,A,66,B,86,A,Agriculture,85,A,Sinhala_Lit,43,C,Home_Science,99,A,662,73.56,B
STU0092,74,B,60,B,85,A,99,A,70,B,77,A,Agriculture,53,C,Music,40,C,Health,75,A,633,70.33,B
STU0093,57,B,66,B,48,C,76,A,94,A,57,B,Agriculture,39,C,Sinhala_Lit,43,C,Home_Science,22,F,502,55.78,B
STU0094,75,A,65,B,58,B,74,B,45,C,85,A,Commerce,64,B,Sinhala_Lit,88,A,Media,40,C,594,66,B
STU0095,51,C,83,A,64,B,37,C,38,C,79,A,Commerce,57,B,Drama,15,F,Home_Science,57,B,481,53.44,C
STU0096,53,C,47,C,12,F,69,B,73,B,98,A,Agriculture,88,A,English_Lit,70,B,ICT,90,A,600,66.67,B
STU0097,39,C,95,A,71,B,55,B,74,B,70,B,Commerce,37,C,Sinhala_Lit,36,C,ICT,58,B,535,59.44,B
STU0098,41,C,58,B,51,C,13,F,95,A,20,F,Commerce,86,A,Drama,77,A,ICT,36,C,477,53,C
STU0099,98,A,35,C,38,C,37,C,37,C,54,C,Agriculture,87,A,Drama,61,B,ICT,42,C,489,54.33,C
STU0100,64,B,2,F,68,B,79,A,66,B,65,B,Commerce,80,A,Drama,87,A,Health,76,A,587,65.22,B
STU0101,66,B,73,B,43,C,71,B,82,A,47,C,Commerce,42,C,Art,73,B,Media,63,B,560,62.22,B
STU0102,62,B,89,A,85,A,73,B,100,A,54,C,Commerce,62,B,Sinhala_Lit,56,B,Media,82,A,663,73.67,B
STU0103,77,A,97,A,73,B,92,A,65,B,96,A,Agriculture,56,B,English_Lit,42,C,Health,88,A,686,76.22,A
STU0104,43,C,70,B,17,F,97,A,43,C,48,C,Agriculture,91,A,Sinhala_Lit,85,A,Media,73,B,567,63,B
STU0105,95,A,90,A,55,B,55,B,96,A,73,B,Agriculture,55,B,Art,64,B,Media,72,B,655,72.78,B
STU0106,88,A,82,A,59,B,82,A,38,C,85,A,Commerce,30,F,Dance,57,B,ICT,67,B,588,65.33,B
STU0107,87,A,40,C,86,A,34,F,35,C,95,A,Commerce,55,B,Drama,84,A,Media,24,F,540,60,B
STU0108,73,B,41,C,99,A,74,B,98,A,76,A,Agriculture,97,A,Music,70,B,ICT,47,C,675,75,A
STU0109,92,A,43,C,60,B,83,A,95,A,40,C,Agriculture,35,C,English_Lit,61,B,Home_Science,75,A,584,64.89,B
STU0110,99,A,45,C,60,B,59,B,90,A,80,A,Commerce,59,B,Art,53,C,Health,54,C,599,66.56,B
STU0111,77,A,91,A,56,B,30,F,58,B,55,B,Commerce,40,C,Art,88,A,Home_Science,38,C,533,59.22,B
STU0112,23,F,87,A,36,C,51,C,91,A,75,A,Agriculture,82,A,Art,58,B,Media,88,A,591,65.67,B
STU0113,64,B,38,C,69,B,18,F,40,C,38,C,Agriculture,98,A,Art,55,B,ICT,59,B,479,53.22,C
STU0114,70,B,77,A,75,A,62,B,47,C,16,F,Commerce,40,C,Art,98,A,Home_Science,51,C,536,59.56,B
STU0115,68,B,42,C,42,C,64,B,59,B,6,F,Commerce,37,C,Music,10,F,ICT,74,B,402,44.67,C
STU0116,72,B,56,B,4,F,66,B,90,A,40,C,Agriculture,20,F,Art,79,A,Home_Science,66,B,493,54.78,C
STU0117,86,A,75,A,32,F,72,B,87,A,44,C,Commerce,56,B,English_Lit,44,C,Health,52,C,548,60.89,B
STU0118,56,B,3,F,78,A,91,A,77,A,79,A,Commerce,46,C,Music,50,C,Media,64,B,544,60.44,B
STU0119,69,B,90,A,39,C,74,B,59,B,83,A,Agriculture,26,F,Dance,74,B,Health,87,A,601,66.78,B
STU0120,79,A,71,B,77,A,26,F,90,A,74,B,Agriculture,85,A,Drama,42,C,Media,3,F,547,60.78,B
STU0121,85,A,47,C,68,B,83,A,71,B,55,B,Commerce,99,A,Sinhala_Lit,53,C,Home_Science,55,B,616,68.44,B
STU0122,19,F,64,B,15,F,92,A,66,B,72,B,Agriculture,83,A,Sinhala_Lit,57,B,ICT,86,A,554,61.56,B
STU0123,90,A,23,F,4,F,57,B,88,A,39,C,Agriculture,83,A,English_Lit,64,B,Home_Science,53,C,501,55.67,B
STU0124,55,B,71,B,80,A,58,B,14,F,64,B,Agriculture,47,C,Music,45,C,ICT,61,B,495,55,B
STU0125,61,B,51,C,54,C,24,F,14,F,77,A,Agriculture,76,A,Music,44,C,Media,44,C,445,49.44,C
STU0126,72,B,84,A,10,F,91,A,66,B,82,A,Commerce,36,C,Drama,72,B,ICT,55,B,568,63.11,B
STU0127,63,B,87,A,55,B,18,F,57,B,96,A,Agriculture,94,A,Music,76,A,Home_Science,43,C,589,65.44,B
STU0128,29,F,30,F,67,B,75,A,61,B,88,A,Agriculture,91,A,Dance,42,C,Health,39,C,522,58,B
STU0129,65,B,76,A,26,F,93,A,72,B,67,B,Commerce,60,B,Sinhala_Lit,76,A,Home_Science,42,C,577,64.11,B
STU0130,75,A,87,A,15,F,43,C,49,C,92,A,Commerce,68,B,Drama,74,B,Home_Science,24,F,527,58.56,B
STU0131,35,C,38,C,63,B,55,B,96,A,42,C,Commerce,85,A,Dance,50,C,Health,77,A,541,60.11,B
STU0132,62,B,73,B,50,C,40,C,15,F,96,A,Commerce,68,B,Sinhala_Lit,69,B,ICT,53,C,526,58.44,B
STU0133,63,B,76,A,70,B,80,A,49,C,79,A,Commerce,70,B,Dance,63,B,Health,56,B,606,67.33,B
STU0134,76,A,37,C,43,C,97,A,88,A,59,B,Commerce,44,C,Sinhala_Lit,59,B,ICT,48,C,551,61.22,B
STU0135,49,C,90,A,78,A,43,C,79,A,37,C,Agriculture,65,B,Art,36,C,Home_Science,57,B,534,59.33,B
STU0136,41,C,66,B,41,C,91,A,40,C,70,B,Commerce,97,A,Drama,27,F,Health,28,F,501,55.67,B
STU0137,31,F,44,C,83,A,99,A,92,A,50,C,Agriculture,29,F,Art,69,B,Health,45,C,542,60.22,B
STU0138,66,B,44,C,69,B,44,C,40,C,44,C,Agriculture,62,B,English_Lit,65,B,ICT,42,C,476,52.89,C
STU0139,37,C,47,C,95,A,40,C,36,C,74,B,Commerce,38,C,Drama,67,B,ICT,84,A,518,57.56,B
STU0140,89,A,50,C,46,C,2,F,72,B,64,B,Commerce,34,F,English_Lit,42,C,Health,72,B,471,52.33,C
STU0141,53,C,73,B,63,B,97,A,88,A,28,F,Agriculture,53,C,Drama,77,A,ICT,70,B,602,66.89,B
STU0142,41,C,61,B,75,A,20,F,72,B,83,A,Commerce,98,A,Dance,87,A,Home_Science,57,B,594,66,B
STU0143,79,A,65,B,98,A,94,A,73,B,42,C,Commerce,87,A,English_Lit,70,B,ICT,86,A,694,77.11,A
STU0144,94,A,69,B,27,F,31,F,62,B,7,F,Commerce,76,A,Music,81,A,Health,77,A,524,58.22,B
STU0145,70,B,64,B,45,C,67,B,52,C,82,A,Agriculture,96,A,Sinhala_Lit,93,A,ICT,95,A,664,73.78,B
STU0146,80,A,60,B,74,B,0,F,61,B,18,F,Commerce,90,A,Dance,13,F,ICT,57,B,453,50.33,C
STU0147,48,C,31,F,92,A,96,A,12,F,52,C,Agriculture,93,A,Art,72,B,Media,44,C,540,60,B
STU0148,38,C,41,C,68,B,99,A,54,C,72,B,Commerce,51,C,Music,87,A,Media,96,A,606,67.33,B
STU0149,31,F,72,B,47,C,55,B,45,C,54,C,Commerce,70,B,Music,70,B,ICT,17,F,461,51.22,C
STU0150,68,B,61,B,80,A,80,A,60,B,40,C,Commerce,61,B,Drama,43,C,Media,43,C,536,59.56,B
STU0151,60,B,73,B,60,B,51,C,43,C,68,B,Commerce,48,C,Art,52,C,Health,87,A,542,60.22,B
STU0152,98,A,57,B,83,A,11,F,56,B,38,C,Commerce,83,A,Art,59,B,ICT,86,A,571,63.44,B
STU0153,92,A,91,A,96,A,57,B,0,F,99,A,Commerce,69,B,Sinhala_Lit,55,B,ICT,62,B,621,69,B
STU0154,68,B,73,B,88,A,70,B,71,B,49,C,Agriculture,20,F,Dance,74,B,Home_Science,51,C,564,62.67,B
STU0155,38,C,72,B,46,C,94,A,88,A,70,B,Agriculture,11,F,Dance,58,B,Home_Science,2,F,479,53.22,C
STU0156,52,C,68,B,75,A,71,B,79,A,39,C,Commerce,87,A,Drama,70,B,Home_Science,58,B,599,66.56,B
STU0157,34,F,41,C,47,C,44,C,55,B,66,B,Agriculture,19,F,Drama,67,B,Home_Science,20,F,393,43.67,C
STU0158,87,A,93,A,100,A,85,A,74,B,82,A,Agriculture,52,C,Music,44,C,ICT,79,A,696,77.33,A
STU0159,17,F,59,B,38,C,47,C,62,B,9,F,Agriculture,63,B,Sinhala_Lit,57,B,ICT,68,B,420,46.67,C
STU0160,68,B,56,B,37,C,96,A,53,C,70,B,Agriculture,93,A,Art,43,C,ICT,80,A,596,66.22,B
STU0161,80,A,86,A,77,A,38,C,99,A,98,A,Agriculture,92,A,English_Lit,86,A,ICT,67,B,723,80.33,A
STU0162,74,B,79,A,54,C,39,C,66,B,69,B,Agriculture,41,C,Art,47,C,Home_Science,82,A,551,61.22,B
STU0163,87,A,97,A,49,C,68,B,59,B,46,C,Commerce,46,C,Music,88,A,Health,82,A,622,69.11,B
STU0164,68,B,81,A,92,A,71,B,69,B,58,B,Commerce,43,C,English_Lit,93,A,Media,35,C,610,67.78,B
STU0165,44,C,33,F,23,F,73,B,100,A,37,C,Agriculture,98,A,Dance,56,B,Media,53,C,517,57.44,B
STU0166,38,C,19,F,68,B,16,F,73,B,47,C,Commerce,48,C,Sinhala_Lit,71,B,Health,70,B,450,50,C
STU0167,66,B,68,B,91,A,46,C,41,C,55,B,Commerce,42,C,Sinhala_Lit,63,B,Media,88,A,560,62.22,B
STU0168,78,A,78,A,72,B,44,C,88,A,18,F,Agriculture,43,C,English_Lit,96,A,Health,46,C,563,62.56,B
STU0169,39,C,58,B,13,F,99,A,78,A,38,C,Agriculture,57,B,English_Lit,82,A,Health,39,C,503,55.89,B
STU0170,57,B,98,A,28,F,44,C,93,A,44,C,Agriculture,52,C,English_Lit,60,B,Health,70,B,546,60.67,B
STU0171,95,A,96,A,1,F,63,B,64,B,76,A,Commerce,100,A,Music,52,C,Home_Science,47,C,594,66,B
STU0172,42,C,79,A,71,B,84,A,60,B,94,A,Agriculture,25,F,Sinhala_Lit,67,B,Health,73,B,595,66.11,B
STU0173,69,B,71,B,84,A,37,C,82,A,68,B,Commerce,88,A,Art,15,F,Home_Science,83,A,597,66.33,B
STU0174,63,B,87,A,33,F,43,C,93,A,74,B,Agriculture,81,A,English_Lit,37,C,ICT,65,B,576,64,B
STU0175,3,F,8,F,92,A,63,B,83,A,87,A,Commerce,85,A,Music,78,A,Media,71,B,570,63.33,B
STU0176,26,F,98,A,79,A,55,B,11,F,41,C,Agriculture,19,F,Music,60,B,Health,100,A,489,54.33,C
STU0177,56,B,67,B,77,A,49,C,13,F,65,B,Agriculture,100,A,Sinhala_Lit,60,B,Media,62,B,549,61,B
STU0178,66,B,19,F,54,C,63,B,64,B,86,A,Agriculture,38,C,Art,36,C,Health,84,A,510,56.67,B
STU0179,38,C,65,B,36,C,7,F,78,A,51,C,Agriculture,50,C,Dance,63,B,ICT,80,A,468,52,C
STU0180,77,A,80,A,85,A,85,A,35,C,14,F,Agriculture,74,B,Music,35,C,Health,96,A,581,64.56,B
STU0181,38,C,47,C,42,C,93,A,81,A,52,C,Commerce,0,F,Dance,66,B,Media,99,A,518,57.56,B
STU0182,96,A,96,A,66,B,62,B,0,F,96,A,Agriculture,70,B,Music,73,B,Media,77,A,636,70.67,B
STU0183,58,B,37,C,45,C,54,C,76,A,60,B,Commerce,21,F,Drama,98,A,Health,26,F,475,52.78,C
STU0184,86,A,39,C,75,A,70,B,63,B,47,C,Commerce,77,A,Music,97,A,ICT,50,C,604,67.11,B
STU0185,94,A,59,B,80,A,55,B,79,A,55,B,Commerce,75,A,Drama,42,C,Media,43,C,582,64.67,B
STU0186,91,A,80,A,50,C,82,A,99,A,36,C,Commerce,67,B,Dance,84,A,Media,73,B,662,73.56,B
STU0187,39,C,86,A,40,C,62,B,95,A,89,A,Commerce,57,B,Dance,16,F,Home_Science,16,F,500,55.56,B
STU0188,81,A,22,F,94,A,96,A,59,B,59,B,Agriculture,40,C,Sinhala_Lit,62,B,Health,95,A,608,67.56,B
STU0189,87,A,64,B,49,C,40,C,77,A,83,A,Commerce,92,A,Dance,72,B,Home_Science,97,A,661,73.44,B
STU0190,30,F,36,C,85,A,65,B,73,B,61,B,Agriculture,4,F,English_Lit,59,B,Media,71,B,484,53.78,C
STU0191,31,F,81,A,84,A,65,B,97,A,39,C,Agriculture,69,B,English_Lit,70,B,Home_Science,67,B,603,67,B
STU0192,78,A,56,B,87,A,54,C,82,A,60,B,Agriculture,97,A,Sinhala_Lit,46,C,Home_Science,49,C,609,67.67,B
STU0193,81,A,89,A,100,A,59,B,84,A,42,C,Agriculture,59,B,Art,98,A,Health,69,B,681,75.67,A
STU0194,62,B,72,B,74,B,70,B,53,C,98,A,Commerce,95,A,Sinhala_Lit,97,A,ICT,37,C,658,73.11,B
STU0195,56,B,54,C,5,F,60,B,64,B,67,B,Agriculture,57,B,English_Lit,68,B,Media,49,C,480,53.33,C
STU0196,62,B,73,B,66,B,100,A,37,C,95,A,Commerce,61,B,English_Lit,31,F,ICT,39,C,564,62.67,B
STU0197,20,F,5,F,28,F,47,C,36,C,95,A,Agriculture,39,C,Music,84,A,Media,63,B,417,46.33,C
STU0198,66,B,47,C,98,A,69,B,79,A,41,C,Agriculture,63,B,Music,84,A,Home_Science,66,B,613,68.11,B
STU0199,98,A,43,C,62,B,62,B,49,C,61,B,Agriculture,97,A,Dance,91,A,Media,82,A,645,71.67,B
STU0200,98,A,46,C,12,F,66,B,75,A,63,B,Commerce,91,A,Music,36,C,ICT,89,A,576,64,B
STU0201,65,B,93,A,90,A,36,C,95,A,81,A,Commerce,61,B,English_Lit,65,B,Health,79,A,665,73.89,B
STU0202,60,B,72,B,28,F,89,A,89,A,10,F,Agriculture,23,F,Art,84,A,Home_Science,52,C,507,56.33,B
STU0203,47,C,96,A,70,B,69,B,79,A,99,A,Agriculture,77,A,Drama,52,C,Health,59,B,648,72,B
STU0204,47,C,32,F,73,B,95,A,13,F,65,B,Commerce,88,A,Music,60,B,Home_Science,87,A,560,62.22,B
STU0205,46,C,64,B,70,B,79,A,39,C,78,A,Commerce,54,C,Drama,14,F,ICT,58,B,502,55.78,B
STU0206,37,C,68,B,39,C,65,B,78,A,75,A,Agriculture,92,A,Music,41,C,Home_Science,93,A,588,65.33,B
STU0207,100,A,68,B,74,B,35,C,71,B,97,A,Commerce,36,C,Art,37,C,Home_Science,54,C,572,63.56,B
STU0208,71,B,63,B,29,F,60,B,92,A,56,B,Commerce,88,A,Art,94,A,Home_Science,84,A,637,70.78,B
STU0209,59,B,76,A,54,C,76,A,92,A,90,A,Agriculture,45,C,English_Lit,94,A,Media,96,A,682,75.78,A
STU0210,54,C,80,A,64,B,98,A,82,A,88,A,Commerce,29,F,Dance,62,B,Media,96,A,653,72.56,B
STU0211,69,B,61,B,61,B,47,C,46,C,93,A,Commerce,94,A,Sinhala_Lit,55,B,Health,73,B,599,66.56,B
STU0212,49,C,53,C,44,C,26,F,76,A,60,B,Agriculture,96,A,English_Lit,60,B,Home_Science,97,A,561,62.33,B
STU0213,100,A,92,A,47,C,56,B,37,C,59,B,Commerce,41,C,Sinhala_Lit,29,F,Media,67,B,528,58.67,B
STU0214,85,A,96,A,77,A,48,C,63,B,65,B,Commerce,89,A,Drama,71,B,Home_Science,85,A,679,75.44,A
STU0215,68,B,53,C,53,C,66,B,39,C,58,B,Agriculture,94,A,English_Lit,92,A,Health,70,B,593,65.89,B
STU0216,77,A,57,B,40,C,19,F,67,B,74,B,Commerce,59,B,Art,77,A,Health,52,C,522,58,B
STU0217,70,B,38,C,72,B,22,F,74,B,67,B,Agriculture,37,C,Music,66,B,Home_Science,68,B,514,57.11,B
STU0218,55,B,43,C,21,F,96,A,50,C,73,B,Agriculture,75,A,English_Lit,36,C,Health,64,B,513,57,B
STU0219,56,B,71,B,64,B,96,A,90,A,64,B,Agriculture,31,F,Drama,46,C,ICT,37,C,555,61.67,B
STU0220,55,B,81,A,41,C,40,C,82,A,76,A,Agriculture,88,A,English_Lit,63,B,Health,8,F,534,59.33,B
STU0221,51,C,82,A,71,B,91,A,93,A,55,B,Agriculture,78,A,Music,33,F,Media,43,C,597,66.33,B
STU0222,57,B,36,C,84,A,97,A,47,C,86,A,Commerce,91,A,Music,96,A,Home_Science,46,C,640,71.11,B
STU0223,86,A,79,A,18,F,34,F,70,B,85,A,Agriculture,61,B,English_Lit,55,B,ICT,95,A,583,64.78,B
STU0224,73,B,8,F,14,F,62,B,40,C,36,C,Commerce,17,F,Music,79,A,Media,56,B,385,42.78,C
STU0225,72,B,58,B,72,B,84,A,1,F,98,A,Commerce,93,A,Sinhala_Lit,63,B,ICT,71,B,612,68,B
STU0226,39,C,71,B,44,C,59,B,71,B,93,A,Commerce,47,C,Dance,38,C,Media,67,B,529,58.78,B
STU0227,61,B,60,B,74,B,50,C,66,B,96,A,Agriculture,84,A,Dance,59,B,Home_Science,7,F,557,61.89,B
STU0228,78,A,70,B,44,C,75,A,86,A,51,C,Commerce,83,A,Art,75,A,Media,46,C,608,67.56,B
STU0229,73,B,50,C,94,A,90,A,63,B,46,C,Commerce,65,B,English_Lit,43,C,Health,60,B,584,64.89,B
STU0230,65,B,90,A,60,B,44,C,42,C,8,F,Agriculture,90,A,Music,64,B,ICT,84,A,547,60.78,B
STU0231,31,F,41,C,6,F,88,A,86,A,60,B,Agriculture,50,C,Music,78,A,ICT,78,A,518,57.56,B
STU0232,77,A,69,B,96,A,64,B,1,F,48,C,Commerce,61,B,Drama,96,A,Health,83,A,595,66.11,B
STU0233,55,B,78,A,37,C,60,B,39,C,61,B,Commerce,100,A,Music,39,C,Media,74,B,543,60.33,B
STU0234,74,B,67,B,66,B,74,B,62,B,33,F,Agriculture,88,A,Sinhala_Lit,87,A,Health,47,C,598,66.44,B
STU0235,44,C,62,B,39,C,99,A,100,A,80,A,Commerce,15,F,Art,54,C,ICT,70,B,563,62.56,B
STU0236,93,A,55,B,14,F,83,A,52,C,39,C,Commerce,48,C,Art,88,A,Home_Science,36,C,508,56.44,B
STU0237,61,B,61,B,59,B,71,B,70,B,97,A,Agriculture,98,A,Sinhala_Lit,46,C,Health,38,C,601,66.78,B
STU0238,56,B,95,A,60,B,55,B,5,F,90,A,Commerce,21,F,Drama,65,B,Media,39,C,486,54,C
STU0239,84,A,57,B,45,C,78,A,63,B,1,F,Agriculture,59,B,Dance,6,F,Media,96,A,489,54.33,C
STU0240,21,F,55,B,30,F,92,A,13,F,83,A,Commerce,45,C,Drama,74,B,Home_Science,70,B,483,53.67,C
STU0241,53,C,74,B,62,B,72,B,46,C,45,C,Agriculture,70,B,Sinhala_Lit,35,C,Health,91,A,548,60.89,B
STU0242,75,A,35,C,68,B,51,C,61,B,88,A,Agriculture,39,C,Art,20,F,Home_Science,72,B,509,56.56,B
STU0243,30,F,87,A,67,B,36,C,86,A,70,B,Commerce,63,B,Dance,69,B,ICT,67,B,575,63.89,B
STU0244,23,F,70,B,81,A,96,A,66,B,41,C,Agriculture,53,C,Sinhala_Lit,62,B,Home_Science,54,C,546,60.67,B
STU0245,61,B,44,C,62,B,75,A,21,F,90,A,Commerce,53,C,Dance,97,A,ICT,70,B,573,63.67,B
STU0246,97,A,67,B,2,F,88,A,40,C,62,B,Agriculture,2,F,Drama,90,A,ICT,89,A,537,59.67,B
STU0247,65,B,89,A,91,A,37,C,94,A,81,A,Commerce,96,A,Dance,76,A,Media,45,C,674,74.89,B
STU0248,92,A,49,C,71,B,100,A,31,F,50,C,Agriculture,68,B,Drama,53,C,ICT,39,C,553,61.44,B
STU0249,72,B,62,B,36,C,42,C,68,B,88,A,Agriculture,54,C,English_Lit,92,A,ICT,67,B,581,64.56,B
STU0250,63,B,52,C,79,A,79,A,86,A,92,A,Commerce,64,B,Dance,62,B,Home_Science,51,C,628,69.78,B
STU0251,84,A,97,A,73,B,57,B,56,B,78,A,Commerce,36,C,Art,36,C,Media,57,B,574,63.78,B
STU0252,88,A,37,C,78,A,96,A,62,B,58,B,Commerce,45,C,English_Lit,91,A,Health,42,C,597,66.33,B
STU0253,67,B,76,A,97,A,99,A,81,A,36,C,Commerce,94,A,Dance,96,A,ICT,59,B,705,78.33,A
STU0254,41,C,59,B,53,C,35,C,87,A,95,A,Commerce,87,A,Drama,84,A,Media,38,C,579,64.33,B
STU0255,31,F,46,C,51,C,30,F,23,F,35,C,Commerce,82,A,Dance,81,A,Health,53,C,432,48,C
STU0256,79,A,89,A,37,C,95,A,19,F,74,B,Agriculture,53,C,Music,64,B,Media,95,A,605,67.22,B
STU0257,68,B,61,B,60,B,43,C,59,B,61,B,Commerce,99,A,Sinhala_Lit,73,B,Health,76,A,600,66.67,B
STU0258,82,A,36,C,97,A,96,A,98,A,42,C,Agriculture,49,C,Dance,68,B,ICT,55,B,623,69.22,B
STU0259,49,C,53,C,46,C,73,B,43,C,75,A,Agriculture,38,C,Sinhala_Lit,9,F,Media,40,C,426,47.33,C
STU0260,14,F,43,C,70,B,96,A,92,A,75,A,Agriculture,36,C,Dance,82,A,Media,73,B,581,64.56,B
STU0261,65,B,39,C,43,C,87,A,72,B,90,A,Agriculture,53,C,Music,53,C,Health,93,A,595,66.11,B
STU0262,38,C,71,B,53,C,62,B,55,B,51,C,Commerce,1,F,English_Lit,88,A,Health,55,B,474,52.67,C
STU0263,0,F,73,B,43,C,65,B,77,A,42,C,Agriculture,69,B,Music,79,A,Media,74,B,522,58,B
STU0264,23,F,55,B,98,A,73,B,39,C,75,A,Agriculture,70,B,Drama,84,A,Health,71,B,588,65.33,B
STU0265,70,B,83,A,94,A,45,C,36,C,74,B,Commerce,52,C,English_Lit,93,A,ICT,70,B,617,68.56,B
STU0266,84,A,84,A,86,A,91,A,78,A,71,B,Commerce,64,B,Sinhala_Lit,93,A,Media,59,B,710,78.89,A
STU0267,98,A,41,C,73,B,37,C,45,C,51,C,Agriculture,58,B,Drama,49,C,Media,100,A,552,61.33,B
STU0268,35,C,40,C,75,A,79,A,74,B,96,A,Commerce,59,B,Art,49,C,Health,53,C,560,62.22,B
STU0269,69,B,56,B,83,A,82,A,58,B,72,B,Commerce,68,B,Drama,18,F,ICT,22,F,528,58.67,B
STU0270,35,C,72,B,57,B,45,C,0,F,95,A,Commerce,95,A,Art,66,B,Home_Science,54,C,519,57.67,B
STU0271,75,A,40,C,99,A,41,C,61,B,99,A,Agriculture,74,B,English_Lit,85,A,Media,79,A,653,72.56,B
STU0272,81,A,89,A,85,A,100,A,67,B,31,F,Commerce,54,C,Art,54,C,Health,67,B,628,69.78,B
STU0273,74,B,11,F,28,F,86,A,69,B,59,B,Commerce,95,A,Drama,50,C,Health,60,B,532,59.11,B
STU0274,46,C,72,B,36,C,45,C,70,B,100,A,Commerce,73,B,English_Lit,51,C,ICT,56,B,549,61,B
STU0275,0,F,45,C,72,B,44,C,58,B,93,A,Agriculture,90,A,Dance,28,F,Health,85,A,515,57.22,B
STU0276,82,A,90,A,10,F,61,B,95,A,96,A,Agriculture,56,B,Music,57,B,Health,49,C,596,66.22,B
STU0277,12,F,94,A,42,C,88,A,70,B,90,A,Commerce,52,C,English_Lit,38,C,Home_Science,47,C,533,59.22,B
STU0278,66,B,60,B,94,A,57,B,72,B,62,B,Commerce,77,A,Music,64,B,Home_Science,78,A,630,70,B
STU0279,67,B,53,C,96,A,100,A,67,B,94,A,Commerce,92,A,Drama,60,B,ICT,42,C,671,74.56,B
STU0280,99,A,56,B,95,A,52,C,88,A,73,B,Agriculture,11,F,Dance,55,B,Media,95,A,624,69.33,B
STU0281,5,F,53,C,65,B,100,A,63,B,98,A,Agriculture,4,F,Dance,74,B,ICT,42,C,504,56,B
STU0282,34,F,39,C,76,A,87,A,70,B,79,A,Agriculture,8,F,Music,98,A,ICT,40,C,531,59,B
STU0283,59,B,38,C,73,B,98,A,16,F,61,B,Commerce,84,A,English_Lit,43,C,Health,80,A,552,61.33,B
STU0284,5,F,94,A,87,A,66,B,68,B,67,B,Commerce,66,B,Drama,76,A,ICT,80,A,609,67.67,B
STU0285,81,A,96,A,53,C,19,F,64,B,74,B,Commerce,74,B,Dance,67,B,Home_Science,38,C,566,62.89,B
STU0286,15,F,92,A,100,A,12,F,63,B,64,B,Agriculture,61,B,Art,75,A,Home_Science,93,A,575,63.89,B
STU0287,89,A,86,A,59,B,67,B,64,B,93,A,Agriculture,97,A,Dance,89,A,Health,98,A,742,82.44,A
STU0288,55,B,40,C,47,C,87,A,94,A,96,A,Commerce,77,A,Sinhala_Lit,97,A,ICT,67,B,660,73.33,B
STU0289,25,F,55,B,75,A,57,B,77,A,94,A,Commerce,66,B,Drama,91,A,ICT,51,C,591,65.67,B
STU0290,9,F,45,C,63,B,16,F,64,B,61,B,Commerce,99,A,English_Lit,51,C,Home_Science,91,A,499,55.44,B
STU0291,49,C,45,C,23,F,42,C,5,F,99,A,Agriculture,69,B,Music,62,B,ICT,59,B,453,50.33,C
STU0292,69,B,17,F,92,A,41,C,85,A,36,C,Agriculture,88,A,Music,15,F,Media,29,F,472,52.44,C
STU0293,58,B,84,A,69,B,3,F,70,B,77,A,Agriculture,16,F,Drama,81,A,ICT,100,A,558,62,B
STU0294,78,A,44,C,87,A,72,B,48,C,17,F,Agriculture,41,C,Sinhala_Lit,61,B,Health,7,F,455,50.56,C
STU0295,91,A,52,C,37,C,44,C,68,B,90,A,Agriculture,54,C,Dance,81,A,ICT,78,A,595,66.11,B
STU0296,70,B,91,A,71,B,45,C,89,A,35,C,Commerce,52,C,Drama,69,B,Health,71,B,593,65.89,B
STU0297,35,C,44,C,94,A,84,A,68,B,47,C,Agriculture,91,A,Drama,46,C,Home_Science,50,C,559,62.11,B
STU0298,84,A,64,B,80,A,88,A,55,B,30,F,Agriculture,73,B,Music,93,A,ICT,65,B,632,70.22,B
STU0299,99,A,73,B,3,F,18,F,49,C,49,C,Commerce,59,B,Music,75,A,Media,81,A,506,56.22,B
STU0300,54,C,43,C,35,C,70,B,57,B,97,A,Agriculture,49,C,Sinhala_Lit,100,A,ICT,53,C,558,62,B
STU0301,53,C,16,F,84,A,7,F,43,C,69,B,Commerce,55,B,Drama,51,C,Media,29,F,407,45.22,C
STU0302,62,B,56,B,49,C,69,B,46,C,92,A,Agriculture,87,A,Dance,87,A,Home_Science,93,A,641,71.22,B
STU0303,63,B,36,C,73,B,73,B,0,F,43,C,Agriculture,73,B,Music,45,C,Media,65,B,471,52.33,C
STU0304,94,A,42,C,95,A,88,A,98,A,75,A,Agriculture,22,F,Drama,49,C,Health,75,A,638,70.89,B
STU0305,64,B,83,A,71,B,86,A,58,B,95,A,Commerce,43,C,Drama,62,B,Media,58,B,620,68.89,B
STU0306,94,A,73,B,75,A,53,C,68,B,25,F,Commerce,98,A,English_Lit,78,A,Home_Science,90,A,654,72.67,B
STU0307,69,B,80,A,56,B,51,C,67,B,50,C,Agriculture,43,C,Music,53,C,Media,93,A,562,62.44,B
STU0308,64,B,53,C,76,A,54,C,46,C,92,A,Commerce,60,B,Sinhala_Lit,81,A,Home_Science,61,B,587,65.22,B
STU0309,95,A,77,A,37,C,86,A,70,B,51,C,Agriculture,86,A,English_Lit,67,B,ICT,97,A,666,74,B
STU0310,51,C,80,A,45,C,71,B,79,A,63,B,Commerce,85,A,Music,33,F,Media,91,A,598,66.44,B
STU0311,91,A,97,A,41,C,64,B,42,C,19,F,Agriculture,9,F,Music,84,A,Media,27,F,474,52.67,C
STU0312,62,B,86,A,63,B,72,B,57,B,63,B,Commerce,86,A,Drama,74,B,Health,63,B,626,69.56,B
STU0313,62,B,43,C,73,B,60,B,30,F,40,C,Commerce,42,C,Art,57,B,ICT,85,A,492,54.67,C
STU0314,38,C,98,A,68,B,62,B,40,C,100,A,Agriculture,96,A,Dance,91,A,Home_Science,63,B,656,72.89,B
STU0315,34,F,58,B,45,C,55,B,40,C,85,A,Agriculture,25,F,Art,46,C,ICT,41,C,429,47.67,C
STU0316,69,B,76,A,57,B,83,A,96,A,97,A,Agriculture,57,B,Sinhala_Lit,57,B,Health,60,B,652,72.44,B
STU0317,62,B,20,F,64,B,69,B,27,F,53,C,Agriculture,81,A,Art,63,B,Home_Science,95,A,534,59.33,B
STU0318,70,B,100,A,64,B,82,A,98,A,62,B,Agriculture,95,A,Dance,27,F,Home_Science,44,C,642,71.33,B
STU0319,67,B,100,A,58,B,56,B,24,F,85,A,Commerce,63,B,Music,80,A,Health,68,B,601,66.78,B
STU0320,91,A,78,A,97,A,70,B,72,B,9,F,Agriculture,88,A,English_Lit,90,A,ICT,65,B,660,73.33,B
STU0321,72,B,72,B,64,B,79,A,71,B,44,C,Commerce,61,B,Art,99,A,Media,69,B,631,70.11,B
STU0322,57,B,88,A,80,A,63,B,40,C,26,F,Agriculture,65,B,English_Lit,94,A,Media,38,C,551,61.22,B
STU0323,43,C,39,C,70,B,46,C,70,B,71,B,Agriculture,75,A,Sinhala_Lit,69,B,Media,61,B,544,60.44,B
STU0324,9,F,27,F,34,F,87,A,10,F,14,F,Commerce,67,B,Music,92,A,Health,89,A,429,47.67,C
STU0325,36,C,64,B,2,F,70,B,7,F,61,B,Commerce,52,C,Music,69,B,Health,25,F,386,42.89,C
STU0326,41,C,71,B,54,C,73,B,77,A,62,B,Agriculture,96,A,Sinhala_Lit,78,A,Home_Science,75,A,627,69.67,B
STU0327,98,A,95,A,99,A,38,C,55,B,39,C,Commerce,66,B,Sinhala_Lit,21,F,Media,43,C,554,61.56,B
STU0328,41,C,31,F,21,F,74,B,93,A,46,C,Commerce,56,B,English_Lit,86,A,Media,37,C,485,53.89,C
STU0329,84,A,100,A,35,C,96,A,56,B,97,A,Agriculture,49,C,Music,74,B,ICT,76,A,667,74.11,B
STU0330,29,F,60,B,83,A,65,B,65,B,85,A,Agriculture,58,B,Dance,96,A,Health,70,B,611,67.89,B
STU0331,81,A,74,B,57,B,81,A,62,B,90,A,Agriculture,62,B,English_Lit,55,B,ICT,90,A,652,72.44,B
STU0332,99,A,4,F,94,A,51,C,38,C,77,A,Agriculture,47,C,Art,67,B,Home_Science,47,C,524,58.22,B
STU0333,85,A,72,B,52,C,93,A,52,C,66,B,Commerce,53,C,Music,72,B,Media,76,A,621,69,B
STU0334,81,A,49,C,59,B,93,A,41,C,13,F,Commerce,64,B,Sinhala_Lit,66,B,Home_Science,64,B,530,58.89,B
STU0335,38,C,13,F,27,F,93,A,49,C,15,F,Commerce,82,A,Sinhala_Lit,91,A,ICT,18,F,426,47.33,C
STU0336,63,B,62,B,71,B,79,A,0,F,47,C,Agriculture,39,C,Dance,56,B,ICT,79,A,496,55.11,B
STU0337,37,C,45,C,45,C,55,B,63,B,58,B,Agriculture,31,F,Art,48,C,Media,97,A,479,53.22,C
STU0338,69,B,6,F,31,F,56,B,43,C,84,A,Agriculture,51,C,Dance,6,F,Home_Science,18,F,364,40.44,C
STU0339,62,B,70,B,85,A,84,A,86,A,75,A,Commerce,97,A,Music,96,A,Health,51,C,706,78.44,A
STU0340,40,C,95,A,88,A,50,C,50,C,87,A,Agriculture,81,A,English_Lit,93,A,Media,75,A,659,73.22,B
STU0341,64,B,64,B,56,B,62,B,70,B,40,C,Commerce,61,B,Art,45,C,Home_Science,72,B,534,59.33,B
STU0342,38,C,71,B,62,B,41,C,35,C,92,A,Agriculture,80,A,Art,92,A,Home_Science,63,B,574,63.78,B
STU0343,69,B,94,A,60,B,91,A,56,B,88,A,Commerce,66,B,Dance,47,C,Media,75,A,646,71.78,B
STU0344,75,A,58,B,92,A,60,B,56,B,77,A,Commerce,45,C,English_Lit,34,F,Health,84,A,581,64.56,B
STU0345,57,B,63,B,100,A,69,B,20,F,95,A,Commerce,99,A,Sinhala_Lit,62,B,Media,61,B,626,69.56,B
STU0346,73,B,56,B,16,F,55,B,65,B,50,C,Commerce,50,C,Art,53,C,Media,68,B,486,54,C
STU0347,46,C,80,A,63,B,44,C,47,C,19,F,Commerce,80,A,Drama,69,B,Health,35,C,483,53.67,C
STU0348,18,F,38,C,83,A,39,C,16,F,66,B,Commerce,43,C,Art,83,A,ICT,51,C,437,48.56,C
STU0349,58,B,64,B,85,A,89,A,52,C,58,B,Agriculture,55,B,Music,69,B,Health,71,B,601,66.78,B
STU0350,74,B,60,B,74,B,61,B,81,A,58,B,Agriculture,55,B,Dance,64,B,Home_Science,85,A,612,68,B
STU0351,74,B,84,A,82,A,53,C,44,C,100,A,Commerce,43,C,Music,74,B,Home_Science,100,A,654,72.67,B
STU0352,61,B,39,C,94,A,87,A,84,A,38,C,Agriculture,45,C,Art,58,B,Home_Science,28,F,534,59.33,B
STU0353,98,A,91,A,19,F,63,B,64,B,7,F,Commerce,55,B,English_Lit,55,B,Home_Science,47,C,499,55.44,B
STU0354,40,C,65,B,57,B,47,C,97,A,51,C,Commerce,76,A,Drama,67,B,ICT,37,C,537,59.67,B
STU0355,37,C,40,C,57,B,23,F,17,F,74,B,Agriculture,70,B,Drama,63,B,Home_Science,67,B,448,49.78,C
STU0356,59,B,61,B,93,A,92,A,100,A,56,B,Commerce,78,A,Music,1,F,Home_Science,67,B,607,67.44,B
STU0357,73,B,53,C,80,A,29,F,50,C,38,C,Commerce,52,C,English_Lit,49,C,Home_Science,81,A,505,56.11,B
STU0358,56,B,67,B,95,A,65,B,95,A,33,F,Agriculture,78,A,Dance,78,A,Media,27,F,594,66,B
STU0359,51,C,51,C,95,A,96,A,49,C,27,F,Agriculture,100,A,English_Lit,81,A,Health,80,A,630,70,B
STU0360,84,A,61,B,38,C,48,C,54,C,92,A,Agriculture,83,A,Sinhala_Lit,56,B,Home_Science,39,C,555,61.67,B
STU0361,77,A,49,C,16,F,91,A,31,F,76,A,Agriculture,94,A,Music,70,B,Home_Science,44,C,548,60.89,B
STU0362,12,F,49,C,55,B,46,C,20,F,83,A,Commerce,91,A,Music,67,B,Home_Science,49,C,472,52.44,C
STU0363,100,A,79,A,74,B,50,C,65,B,46,C,Agriculture,64,B,English_Lit,27,F,ICT,69,B,574,63.78,B
STU0364,69,B,96,A,79,A,91,A,59,B,96,A,Commerce,55,B,Art,68,B,Media,88,A,701,77.89,A
STU0365,64,B,52,C,74,B,73,B,78,A,19,F,Commerce,92,A,Drama,71,B,Home_Science,26,F,549,61,B
STU0366,52,C,98,A,27,F,2,F,2,F,99,A,Commerce,51,C,Music,65,B,ICT,66,B,462,51.33,C
STU0367,60,B,36,C,95,A,82,A,59,B,22,F,Commerce,46,C,Sinhala_Lit,58,B,Media,74,B,532,59.11,B
STU0368,63,B,64,B,98,A,66,B,96,A,23,F,Commerce,47,C,English_Lit,94,A,Health,49,C,600,66.67,B
STU0369,57,B,83,A,76,A,59,B,85,A,65,B,Agriculture,42,C,Drama,85,A,Home_Science,38,C,590,65.56,B
STU0370,72,B,30,F,46,C,55,B,44,C,85,A,Commerce,47,C,Drama,60,B,ICT,54,C,493,54.78,C
STU0371,55,B,81,A,100,A,60,B,31,F,91,A,Commerce,55,B,Sinhala_Lit,54,C,Media,73,B,600,66.67,B
STU0372,92,A,64,B,66,B,100,A,72,B,94,A,Commerce,32,F,Drama,11,F,ICT,87,A,618,68.67,B
STU0373,93,A,77,A,63,B,75,A,38,C,49,C,Agriculture,86,A,English_Lit,38,C,ICT,82,A,601,66.78,B
STU0374,100,A,70,B,18,F,93,A,84,A,57,B,Commerce,74,B,English_Lit,42,C,Media,98,A,636,70.67,B
STU0375,87,A,36,C,83,A,77,A,73,B,56,B,Commerce,37,C,Drama,31,F,Media,99,A,579,64.33,B
STU0376,97,A,19,F,5,F,68,B,70,B,43,C,Agriculture,72,B,Drama,24,F,ICT,61,B,459,51,C
STU0377,22,F,77,A,76,A,48,C,52,C,91,A,Commerce,49,C,Sinhala_Lit,35,C,Home_Science,37,C,487,54.11,C
STU0378,82,A,77,A,59,B,98,A,80,A,67,B,Commerce,2,F,English_Lit,39,C,Media,73,B,577,64.11,B
STU0379,91,A,74,B,49,C,37,C,31,F,65,B,Agriculture,67,B,Dance,99,A,Home_Science,73,B,586,65.11,B
STU0380,39,C,91,A,39,C,77,A,57,B,72,B,Commerce,58,B,English_Lit,90,A,ICT,67,B,590,65.56,B
STU0381,65,B,5,F,46,C,97,A,55,B,57,B,Agriculture,68,B,Music,49,C,Health,64,B,506,56.22,B
STU0382,30,F,46,C,67,B,97,A,43,C,72,B,Commerce,35,C,Music,82,A,Health,25,F,497,55.22,B
STU0383,71,B,67,B,96,A,76,A,64,B,71,B,Commerce,59,B,Drama,77,A,Health,42,C,623,69.22,B
STU0384,65,B,85,A,100,A,89,A,58,B,63,B,Agriculture,28,F,Sinhala_Lit,55,B,Media,46,C,589,65.44,B
STU0385,92,A,56,B,58,B,38,C,68,B,69,B,Commerce,59,B,Dance,67,B,Home_Science,78,A,585,65,B
STU0386,67,B,63,B,42,C,84,A,74,B,45,C,Commerce,63,B,Dance,100,A,Home_Science,72,B,610,67.78,B
STU0387,66,B,94,A,12,F,37,C,40,C,70,B,Agriculture,4,F,Art,29,F,Media,70,B,422,46.89,C
STU0388,96,A,91,A,62,B,78,A,54,C,68,B,Commerce,47,C,Music,95,A,Media,98,A,689,76.56,A
STU0389,66,B,70,B,73,B,23,F,55,B,65,B,Commerce,30,F,Dance,73,B,Home_Science,95,A,550,61.11,B
STU0390,49,C,70,B,38,C,72,B,99,A,36,C,Commerce,73,B,Music,96,A,Health,92,A,625,69.44,B
STU0391,83,A,56,B,75,A,97,A,75,A,40,C,Agriculture,66,B,Dance,99,A,ICT,100,A,691,76.78,A
STU0392,74,B,57,B,40,C,60,B,46,C,97,A,Agriculture,43,C,Sinhala_Lit,29,F,Health,66,B,512,56.89,B
STU0393,83,A,75,A,86,A,70,B,72,B,24,F,Agriculture,30,F,Dance,50,C,Home_Science,65,B,555,61.67,B
STU0394,48,C,55,B,46,C,60,B,28,F,85,A,Commerce,91,A,Dance,56,B,ICT,98,A,567,63,B
STU0395,61,B,69,B,93,A,63,B,39,C,71,B,Commerce,45,C,Dance,73,B,Health,44,C,558,62,B
STU0396,59,B,98,A,90,A,50,C,39,C,76,A,Agriculture,58,B,Dance,37,C,Home_Science,79,A,586,65.11,B
STU0397,100,A,90,A,17,F,45,C,63,B,53,C,Commerce,36,C,English_Lit,38,C,Home_Science,94,A,536,59.56,B
STU0398,65,B,72,B,71,B,92,A,96,A,43,C,Commerce,93,A,Art,86,A,Media,87,A,705,78.33,A
STU0399,62,B,71,B,62,B,57,B,90,A,15,F,Agriculture,29,F,Art,13,F,ICT,72,B,471,52.33,C
STU0400,67,B,96,A,69,B,94,A,44,C,51,C,Agriculture,48,C,Art,73,B,Health,42,C,584,64.89,B
STU0401,79,A,36,C,66,B,78,A,44,C,72,B,Agriculture,53,C,Drama,59,B,Home_Science,60,B,547,60.78,B
STU0402,76,A,55,B,88,A,95,A,47,C,75,A,Commerce,97,A,Sinhala_Lit,19,F,Media,3,F,555,61.67,B
STU0403,99,A,23,F,16,F,3,F,75,A,39,C,Agriculture,85,A,Art,94,A,Home_Science,94,A,528,58.67,B
STU0404,70,B,4,F,85,A,39,C,93,A,37,C,Commerce,72,B,English_Lit,58,B,Health,48,C,506,56.22,B
STU0405,66,B,82,A,42,C,66,B,39,C,72,B,Commerce,89,A,Music,66,B,ICT,46,C,568,63.11,B
STU0406,75,A,59,B,91,A,83,A,83,A,50,C,Agriculture,62,B,Dance,64,B,ICT,8,F,575,63.89,B
STU0407,18,F,45,C,49,C,49,C,77,A,61,B,Agriculture,64,B,Music,51,C,ICT,71,B,485,53.89,C
STU0408,44,C,70,B,68,B,62,B,35,C,35,C,Agriculture,83,A,Music,91,A,Home_Science,54,C,542,60.22,B
STU0409,67,B,34,F,82,A,62,B,95,A,65,B,Agriculture,53,C,Music,67,B,ICT,53,C,578,64.22,B
STU0410,30,F,77,A,42,C,31,F,78,A,63,B,Commerce,35,C,Music,68,B,Media,64,B,488,54.22,C
STU0411,88,A,2,F,40,C,57,B,66,B,54,C,Agriculture,37,C,Music,22,F,Home_Science,57,B,423,47,C
STU0412,71,B,69,B,97,A,74,B,67,B,50,C,Agriculture,66,B,Drama,40,C,Home_Science,79,A,613,68.11,B
STU0413,65,B,70,B,69,B,81,A,62,B,80,A,Commerce,81,A,Drama,0,F,ICT,91,A,599,66.56,B
STU0414,65,B,75,A,67,B,6,F,58,B,69,B,Agriculture,33,F,Art,91,A,Media,58,B,522,58,B
STU0415,86,A,17,F,87,A,80,A,76,A,33,F,Commerce,57,B,Dance,35,C,Home_Science,61,B,532,59.11,B
STU0416,74,B,50,C,79,A,59,B,98,A,73,B,Agriculture,88,A,English_Lit,59,B,Media,72,B,652,72.44,B
STU0417,66,B,75,A,67,B,84,A,72,B,42,C,Agriculture,66,B,Dance,68,B,Media,54,C,594,66,B
STU0418,62,B,14,F,99,A,92,A,48,C,65,B,Commerce,92,A,English_Lit,67,B,Media,71,B,610,67.78,B
STU0419,35,C,47,C,73,B,68,B,39,C,1,F,Agriculture,46,C,Drama,43,C,Home_Science,100,A,452,50.22,C
STU0420,62,B,93,A,41,C,53,C,74,B,99,A,Commerce,89,A,Music,15,F,Home_Science,65,B,591,65.67,B
STU0421,54,C,100,A,41,C,77,A,67,B,78,A,Commerce,82,A,English_Lit,61,B,Home_Science,40,C,600,66.67,B
STU0422,73,B,47,C,8,F,59,B,90,A,58,B,Agriculture,37,C,Drama,77,A,Media,39,C,488,54.22,C
STU0423,49,C,52,C,31,F,65,B,51,C,49,C,Agriculture,45,C,English_Lit,52,C,Home_Science,63,B,457,50.78,C
STU0424,40,C,92,A,16,F,36,C,60,B,11,F,Agriculture,96,A,English_Lit,78,A,ICT,35,C,464,51.56,C
STU0425,36,C,66,B,90,A,59,B,79,A,42,C,Commerce,67,B,Music,66,B,Media,82,A,587,65.22,B
STU0426,11,F,56,B,60,B,95,A,60,B,77,A,Commerce,85,A,Dance,96,A,Home_Science,36,C,576,64,B
STU0427,21,F,42,C,98,A,63,B,95,A,72,B,Commerce,85,A,English_Lit,72,B,Health,66,B,614,68.22,B
STU0428,8,F,68,B,75,A,92,A,53,C,78,A,Commerce,55,B,English_Lit,73,B,Health,70,B,572,63.56,B
STU0429,99,A,36,C,72,B,77,A,44,C,94,A,Agriculture,42,C,Art,99,A,Media,70,B,633,70.33,B
STU0430,65,B,91,A,90,A,4,F,64,B,61,B,Agriculture,67,B,Sinhala_Lit,50,C,Home_Science,56,B,548,60.89,B
STU0431,53,C,37,C,42,C,36,C,89,A,69,B,Agriculture,86,A,Drama,37,C,Health,17,F,466,51.78,C
STU0432,42,C,33,F,71,B,55,B,56,B,76,A,Agriculture,70,B,Sinhala_Lit,48,C,Health,73,B,524,58.22,B
STU0433,61,B,78,A,49,C,80,A,70,B,77,A,Agriculture,76,A,Music,77,A,Home_Science,57,B,625,69.44,B
STU0434,44,C,50,C,92,A,88,A,14,F,51,C,Agriculture,58,B,Drama,89,A,ICT,0,F,486,54,C
STU0435,51,C,38,C,36,C,90,A,62,B,85,A,Commerce,57,B,Sinhala_Lit,39,C,Home_Science,67,B,525,58.33,B
STU0436,22,F,74,B,48,C,90,A,70,B,51,C,Agriculture,16,F,Drama,80,A,Health,55,B,506,56.22,B
STU0437,97,A,64,B,52,C,44,C,62,B,54,C,Commerce,88,A,Dance,48,C,ICT,16,F,525,58.33,B
STU0438,69,B,47,C,54,C,68,B,96,A,58,B,Commerce,58,B,Dance,100,A,Home_Science,73,B,623,69.22,B
STU0439,68,B,68,B,68,B,47,C,72,B,93,A,Commerce,41,C,Dance,84,A,Health,78,A,619,68.78,B
STU0440,89,A,40,C,64,B,10,F,76,A,56,B,Agriculture,59,B,Art,70,B,Home_Science,56,B,520,57.78,B
STU0441,47,C,55,B,26,F,49,C,50,C,39,C,Commerce,62,B,English_Lit,31,F,Media,16,F,375,41.67,C
STU0442,39,C,68,B,51,C,35,C,48,C,16,F,Agriculture,63,B,Dance,83,A,Media,38,C,441,49,C
STU0443,36,C,83,A,56,B,88,A,86,A,91,A,Agriculture,54,C,Dance,100,A,Media,65,B,659,73.22,B
STU0444,81,A,44,C,86,A,52,C,62,B,47,C,Agriculture,45,C,Music,70,B,Home_Science,95,A,582,64.67,B
STU0445,83,A,45,C,67,B,94,A,83,A,87,A,Commerce,41,C,Dance,40,C,Health,79,A,619,68.78,B
STU0446,89,A,65,B,84,A,59,B,57,B,66,B,Agriculture,43,C,Art,46,C,Health,54,C,563,62.56,B
STU0447,78,A,98,A,8,F,47,C,31,F,78,A,Agriculture,59,B,Art,85,A,Home_Science,42,C,526,58.44,B
STU0448,92,A,87,A,63,B,71,B,68,B,78,A,Agriculture,55,B,Art,67,B,Home_Science,72,B,653,72.56,B
STU0449,56,B,62,B,46,C,60,B,62,B,50,C,Commerce,49,C,English_Lit,77,A,Health,15,F,477,53,C
STU0450,58,B,76,A,18,F,83,A,80,A,61,B,Commerce,44,C,Dance,72,B,Media,35,C,527,58.56,B
STU0451,83,A,49,C,51,C,85,A,100,A,0,F,Agriculture,47,C,Drama,81,A,ICT,39,C,535,59.44,B
STU0452,83,A,73,B,78,A,47,C,74,B,85,A,Commerce,95,A,Art,68,B,Health,77,A,680,75.56,A
STU0453,67,B,72,B,68,B,70,B,98,A,98,A,Commerce,42,C,Sinhala_Lit,92,A,Media,39,C,646,71.78,B
STU0454,100,A,72,B,63,B,86,A,73,B,33,F,Commerce,86,A,English_Lit,48,C,ICT,67,B,628,69.78,B
STU0455,67,B,49,C,60,B,78,A,18,F,61,B,Agriculture,43,C,Sinhala_Lit,56,B,Media,35,C,467,51.89,C
STU0456,66,B,57,B,77,A,63,B,37,C,68,B,Agriculture,48,C,Music,58,B,Health,78,A,552,61.33,B
STU0457,62,B,63,B,45,C,73,B,46,C,64,B,Commerce,93,A,Dance,58,B,Media,40,C,544,60.44,B
STU0458,85,A,89,A,25,F,18,F,46,C,17,F,Agriculture,39,C,Music,70,B,Health,29,F,418,46.44,C
STU0459,73,B,92,A,84,A,6,F,61,B,29,F,Commerce,62,B,Art,35,C,Health,47,C,489,54.33,C
STU0460,77,A,50,C,99,A,75,A,75,A,63,B,Agriculture,52,C,Drama,53,C,Home_Science,80,A,624,69.33,B
STU0461,99,A,66,B,93,A,21,F,80,A,71,B,Agriculture,9,F,Art,12,F,Media,39,C,490,54.44,C
STU0462,51,C,6,F,39,C,21,F,29,F,58,B,Agriculture,39,C,Music,63,B,Media,93,A,399,44.33,C
STU0463,49,C,77,A,50,C,74,B,51,C,33,F,Commerce,54,C,Art,34,F,Media,45,C,467,51.89,C
STU0464,68,B,80,A,1,F,98,A,89,A,42,C,Commerce,80,A,English_Lit,82,A,ICT,18,F,558,62,B
STU0465,59,B,66,B,40,C,57,B,36,C,35,C,Commerce,63,B,Dance,55,B,Media,36,C,447,49.67,C
STU0466,66,B,62,B,91,A,40,C,56,B,35,C,Commerce,56,B,Dance,58,B,ICT,56,B,520,57.78,B
STU0467,96,A,55,B,85,A,63,B,73,B,91,A,Agriculture,99,A,Art,60,B,Home_Science,73,B,695,77.22,A
STU0468,56,B,66,B,40,C,92,A,9,F,91,A,Agriculture,24,F,Art,92,A,Health,43,C,513,57,B
STU0469,87,A,48,C,42,C,64,B,65,B,45,C,Agriculture,25,F,Dance,69,B,Home_Science,80,A,525,58.33,B
STU0470,56,B,72,B,100,A,85,A,3,F,44,C,Agriculture,95,A,Art,49,C,Home_Science,25,F,529,58.78,B
STU0471,64,B,30,F,74,B,65,B,46,C,13,F,Agriculture,56,B,Dance,68,B,Home_Science,97,A,513,57,B
STU0472,99,A,80,A,82,A,43,C,61,B,67,B,Agriculture,53,C,Drama,72,B,Media,72,B,629,69.89,B
STU0473,86,A,76,A,60,B,28,F,79,A,71,B,Commerce,96,A,Drama,92,A,Home_Science,75,A,663,73.67,B
STU0474,66,B,64,B,77,A,37,C,45,C,60,B,Commerce,41,C,Music,90,A,Home_Science,75,A,555,61.67,B
STU0475,83,A,61,B,56,B,69,B,55,B,64,B,Commerce,97,A,Art,96,A,Home_Science,86,A,667,74.11,B
STU0476,56,B,12,F,72,B,51,C,87,A,68,B,Commerce,14,F,Sinhala_Lit,68,B,Media,42,C,470,52.22,C
STU0477,88,A,80,A,8,F,36,C,66,B,18,F,Agriculture,18,F,Dance,38,C,ICT,47,C,399,44.33,C
STU0478,4,F,68,B,97,A,54,C,82,A,73,B,Agriculture,51,C,Music,44,C,Media,82,A,555,61.67,B
STU0479,71,B,74,B,90,A,59,B,55,B,52,C,Commerce,92,A,Sinhala_Lit,42,C,Media,70,B,605,67.22,B
STU0480,65,B,86,A,17,F,92,A,36,C,40,C,Commerce,41,C,Drama,14,F,ICT,62,B,453,50.33,C
STU0481,48,C,46,C,16,F,76,A,71,B,48,C,Commerce,42,C,Dance,86,A,Media,54,C,487,54.11,C
STU0482,74,B,29,F,99,A,54,C,75,A,64,B,Agriculture,80,A,Art,81,A,ICT,49,C,605,67.22,B
STU0483,64,B,25,F,67,B,57,B,48,C,75,A,Commerce,58,B,Music,68,B,Home_Science,94,A,556,61.78,B
STU0484,88,A,36,C,65,B,56,B,23,F,74,B,Commerce,62,B,Music,70,B,ICT,75,A,549,61,B
STU0485,69,B,49,C,49,C,36,C,69,B,65,B,Commerce,36,C,Drama,38,C,ICT,95,A,506,56.22,B
STU0486,40,C,70,B,84,A,95,A,50,C,99,A,Agriculture,97,A,English_Lit,59,B,ICT,88,A,682,75.78,A
STU0487,63,B,67,B,59,B,80,A,82,A,66,B,Agriculture,77,A,Drama,35,C,Media,41,C,570,63.33,B
STU0488,49,C,38,C,44,C,84,A,64,B,65,B,Commerce,80,A,Art,59,B,Media,55,B,538,59.78,B
STU0489,70,B,85,A,38,C,47,C,80,A,10,F,Agriculture,71,B,Art,85,A,Home_Science,97,A,583,64.78,B
STU0490,71,B,89,A,22,F,57,B,86,A,62,B,Commerce,63,B,Music,37,C,Health,95,A,582,64.67,B
STU0491,20,F,75,A,38,C,89,A,68,B,64,B,Commerce,88,A,Drama,93,A,Home_Science,35,C,570,63.33,B
STU0492,72,B,35,C,65,B,93,A,88,A,94,A,Commerce,43,C,English_Lit,53,C,ICT,90,A,633,70.33,B
STU0493,65,B,60,B,99,A,90,A,54,C,65,B,Commerce,61,B,Music,43,C,Home_Science,42,C,579,64.33,B
STU0494,92,A,75,A,69,B,21,F,58,B,83,A,Commerce,93,A,English_Lit,45,C,Home_Science,88,A,624,69.33,B
STU0495,78,A,51,C,71,B,46,C,71,B,6,F,Agriculture,61,B,Dance,67,B,ICT,62,B,513,57,B
STU0496,80,A,44,C,32,F,65,B,82,A,37,C,Agriculture,75,A,Drama,86,A,Home_Science,48,C,549,61,B
STU0497,100,A,50,C,57,B,40,C,51,C,40,C,Agriculture,50,C,Art,23,F,Media,70,B,481,53.44,C
STU0498,32,F,24,F,77,A,60,B,74,B,98,A,Agriculture,17,F,English_Lit,71,B,Health,83,A,536,59.56,B
STU0499,59,B,41,C,77,A,64,B,69,B,70,B,Agriculture,58,B,Art,44,C,Media,43,C,525,58.33,B
STU0500,11,F,35,C,67,B,63,B,55,B,45,C,Commerce,94,A,Dance,13,F,ICT,52,C,435,48.33,C
STU0501,67,B,42,C,92,A,70,B,71,B,82,A,Commerce,60,B,Drama,46,C,Home_Science,40,C,570,63.33,B
STU0502,43,C,65,B,66,B,81,A,50,C,76,A,Commerce,100,A,English_Lit,66,B,ICT,58,B,605,67.22,B
STU0503,60,B,38,C,69,B,62,B,62,B,68,B,Agriculture,89,A,Drama,58,B,Health,70,B,576,64,B
STU0504,86,A,53,C,59,B,55,B,76,A,84,A,Commerce,65,B,Drama,100,A,Health,96,A,674,74.89,B
STU0505,60,B,87,A,65,B,60,B,42,C,55,B,Agriculture,40,C,Sinhala_Lit,56,B,Media,73,B,538,59.78,B
STU0506,86,A,39,C,2,F,64,B,70,B,9,F,Agriculture,89,A,Music,94,A,ICT,69,B,522,58,B
STU0507,61,B,58,B,67,B,63,B,75,A,73,B,Commerce,97,A,Art,10,F,Home_Science,87,A,591,65.67,B
STU0508,59,B,4,F,87,A,62,B,13,F,57,B,Agriculture,58,B,Dance,8,F,ICT,24,F,372,41.33,C
STU0509,52,C,82,A,85,A,59,B,74,B,85,A,Commerce,50,C,Art,41,C,Media,92,A,620,68.89,B
STU0510,32,F,59,B,46,C,58,B,62,B,96,A,Agriculture,55,B,Drama,84,A,Health,42,C,534,59.33,B
STU0511,49,C,61,B,76,A,78,A,29,F,80,A,Agriculture,79,A,English_Lit,8,F,Home_Science,35,C,495,55,B
STU0512,49,C,38,C,38,C,55,B,36,C,72,B,Agriculture,92,A,Sinhala_Lit,74,B,Health,46,C,500,55.56,B
STU0513,51,C,96,A,97,A,90,A,98,A,81,A,Commerce,97,A,Music,89,A,Home_Science,41,C,740,82.22,A
STU0514,90,A,54,C,44,C,87,A,53,C,78,A,Commerce,86,A,English_Lit,53,C,Media,71,B,616,68.44,B
STU0515,37,C,79,A,19,F,95,A,74,B,45,C,Commerce,56,B,Music,69,B,Media,63,B,537,59.67,B
STU0516,80,A,100,A,76,A,67,B,63,B,61,B,Commerce,65,B,Art,44,C,ICT,52,C,608,67.56,B
STU0517,84,A,18,F,65,B,56,B,81,A,64,B,Agriculture,55,B,Dance,74,B,Health,90,A,587,65.22,B
STU0518,79,A,91,A,56,B,73,B,53,C,81,A,Agriculture,70,B,Art,77,A,ICT,90,A,670,74.44,B
STU0519,69,B,68,B,75,A,85,A,36,C,98,A,Agriculture,52,C,Music,3,F,Media,82,A,568,63.11,B
STU0520,89,A,64,B,22,F,73,B,66,B,71,B,Agriculture,73,B,English_Lit,100,A,Home_Science,83,A,641,71.22,B
STU0521,93,A,98,A,57,B,50,C,67,B,87,A,Agriculture,59,B,Sinhala_Lit,46,C,ICT,74,B,631,70.11,B
STU0522,80,A,90,A,64,B,90,A,78,A,28,F,Commerce,73,B,Dance,99,A,Health,56,B,658,73.11,B
STU0523,57,B,91,A,87,A,74,B,74,B,49,C,Commerce,44,C,Sinhala_Lit,44,C,Media,49,C,569,63.22,B
STU0524,76,A,39,C,54,C,79,A,76,A,38,C,Commerce,39,C,Music,95,A,Media,67,B,563,62.56,B
STU0525,73,B,54,C,50,C,71,B,79,A,40,C,Commerce,99,A,English_Lit,82,A,Home_Science,35,C,583,64.78,B
STU0526,76,A,77,A,79,A,86,A,80,A,59,B,Commerce,27,F,Sinhala_Lit,51,C,Health,70,B,605,67.22,B
STU0527,50,C,54,C,88,A,22,F,82,A,83,A,Agriculture,4,F,English_Lit,43,C,Home_Science,55,B,481,53.44,C
STU0528,40,C,28,F,88,A,66,B,70,B,50,C,Commerce,81,A,Music,56,B,Health,62,B,541,60.11,B
STU0529,56,B,63,B,43,C,1,F,91,A,81,A,Commerce,84,A,Art,82,A,Media,49,C,550,61.11,B
STU0530,70,B,88,A,83,A,43,C,62,B,24,F,Agriculture,50,C,Drama,38,C,Media,8,F,466,51.78,C
STU0531,38,C,58,B,72,B,70,B,58,B,70,B,Agriculture,60,B,Sinhala_Lit,26,F,Health,38,C,490,54.44,C
STU0532,60,B,66,B,71,B,79,A,46,C,56,B,Agriculture,59,B,Drama,63,B,Health,30,F,530,58.89,B
STU0533,37,C,37,C,45,C,94,A,41,C,92,A,Agriculture,91,A,Sinhala_Lit,35,C,ICT,47,C,519,57.67,B
STU0534,41,C,67,B,91,A,51,C,64,B,42,C,Agriculture,37,C,Dance,71,B,Health,77,A,541,60.11,B
STU0535,70,B,68,B,62,B,49,C,64,B,73,B,Agriculture,61,B,Art,42,C,Media,96,A,585,65,B
STU0536,13,F,77,A,22,F,62,B,63,B,74,B,Agriculture,46,C,Art,14,F,ICT,34,F,405,45,C
STU0537,62,B,52,C,55,B,35,C,25,F,93,A,Agriculture,24,F,Music,78,A,Home_Science,72,B,496,55.11,B
STU0538,36,C,3,F,46,C,79,A,46,C,51,C,Agriculture,66,B,English_Lit,48,C,Health,38,C,413,45.89,C
STU0539,72,B,75,A,39,C,73,B,87,A,70,B,Commerce,44,C,English_Lit,38,C,Health,77,A,575,63.89,B
STU0540,82,A,62,B,79,A,85,A,49,C,97,A,Commerce,66,B,Music,35,C,Health,65,B,620,68.89,B
STU0541,59,B,95,A,72,B,69,B,48,C,97,A,Agriculture,81,A,English_Lit,64,B,Health,62,B,647,71.89,B
STU0542,35,C,64,B,58,B,71,B,14,F,75,A,Agriculture,53,C,Music,58,B,ICT,4,F,432,48,C
STU0543,77,A,63,B,78,A,12,F,60,B,95,A,Commerce,65,B,Art,38,C,Health,81,A,569,63.22,B
STU0544,62,B,53,C,88,A,38,C,75,A,90,A,Agriculture,60,B,Dance,45,C,Health,80,A,591,65.67,B
STU0545,36,C,82,A,18,F,48,C,51,C,57,B,Agriculture,59,B,Music,17,F,Media,63,B,431,47.89,C
STU0546,35,C,68,B,61,B,58,B,78,A,37,C,Commerce,48,C,English_Lit,79,A,ICT,10,F,474,52.67,C
STU0547,46,C,14,F,36,C,68,B,41,C,98,A,Commerce,58,B,Music,37,C,Media,45,C,443,49.22,C
STU0548,49,C,78,A,61,B,91,A,45,C,71,B,Commerce,63,B,Sinhala_Lit,41,C,Health,99,A,598,66.44,B
STU0549,93,A,43,C,68,B,87,A,59,B,88,A,Agriculture,10,F,Drama,94,A,Media,61,B,603,67,B
STU0550,64,B,100,A,29,F,56,B,52,C,63,B,Agriculture,73,B,Drama,26,F,Health,34,F,497,55.22,B
STU0551,69,B,83,A,63,B,1,F,64,B,64,B,Agriculture,61,B,Sinhala_Lit,80,A,Media,3,F,488,54.22,C
STU0552,71,B,40,C,55,B,88,A,40,C,13,F,Agriculture,86,A,Music,56,B,Media,58,B,507,56.33,B
STU0553,51,C,59,B,52,C,43,C,41,C,87,A,Agriculture,36,C,Drama,58,B,Home_Science,67,B,494,54.89,C
STU0554,9,F,77,A,92,A,85,A,76,A,93,A,Commerce,57,B,Art,47,C,Home_Science,81,A,617,68.56,B
STU0555,67,B,86,A,77,A,96,A,61,B,72,B,Agriculture,91,A,Sinhala_Lit,27,F,ICT,87,A,664,73.78,B
STU0556,70,B,34,F,37,C,62,B,50,C,73,B,Agriculture,54,C,Sinhala_Lit,59,B,Media,67,B,506,56.22,B
STU0557,61,B,40,C,78,A,61,B,94,A,58,B,Agriculture,89,A,Sinhala_Lit,64,B,Media,59,B,604,67.11,B
STU0558,91,A,37,C,48,C,46,C,21,F,82,A,Agriculture,53,C,Sinhala_Lit,96,A,ICT,62,B,536,59.56,B
STU0559,95,A,54,C,46,C,27,F,46,C,71,B,Agriculture,81,A,English_Lit,50,C,Health,74,B,544,60.44,B
STU0560,89,A,82,A,73,B,54,C,62,B,74,B,Commerce,62,B,Drama,72,B,Media,69,B,637,70.78,B
STU0561,59,B,60,B,60,B,41,C,74,B,53,C,Commerce,29,F,English_Lit,78,A,ICT,54,C,508,56.44,B
STU0562,65,B,53,C,91,A,64,B,93,A,44,C,Commerce,16,F,English_Lit,3,F,Home_Science,67,B,496,55.11,B
STU0563,18,F,2,F,67,B,90,A,16,F,73,B,Agriculture,69,B,Music,95,A,ICT,89,A,519,57.67,B
STU0564,22,F,82,A,64,B,61,B,23,F,63,B,Agriculture,82,A,Dance,62,B,Health,67,B,526,58.44,B
STU0565,97,A,71,B,21,F,42,C,59,B,64,B,Commerce,39,C,Dance,56,B,Home_Science,96,A,545,60.56,B
STU0566,49,C,86,A,77,A,67,B,42,C,66,B,Commerce,99,A,Sinhala_Lit,94,A,Health,75,A,655,72.78,B
STU0567,46,C,12,F,76,A,66,B,49,C,84,A,Agriculture,21,F,Dance,45,C,Home_Science,66,B,465,51.67,C
STU0568,88,A,10,F,46,C,36,C,7,F,64,B,Commerce,60,B,Dance,30,F,Media,19,F,360,40,C
STU0569,94,A,60,B,64,B,44,C,80,A,29,F,Agriculture,62,B,Dance,73,B,Health,40,C,546,60.67,B
STU0570,70,B,86,A,78,A,94,A,77,A,67,B,Commerce,83,A,Dance,75,A,Home_Science,74,B,704,78.22,A
STU0571,74,B,57,B,51,C,49,C,67,B,4,F,Commerce,86,A,Sinhala_Lit,97,A,Health,46,C,531,59,B
STU0572,98,A,39,C,72,B,58,B,88,A,57,B,Agriculture,89,A,Dance,79,A,Media,40,C,620,68.89,B
STU0573,0,F,100,A,96,A,84,A,57,B,63,B,Commerce,43,C,Music,26,F,Health,72,B,541,60.11,B
STU0574,56,B,70,B,68,B,68,B,59,B,81,A,Commerce,89,A,Art,42,C,Home_Science,66,B,599,66.56,B
STU0575,83,A,63,B,46,C,40,C,61,B,58,B,Commerce,46,C,Dance,59,B,ICT,66,B,522,58,B
STU0576,68,B,41,C,42,C,98,A,60,B,81,A,Agriculture,73,B,Dance,52,C,Media,41,C,556,61.78,B
STU0577,66,B,71,B,69,B,86,A,48,C,95,A,Agriculture,87,A,Dance,79,A,ICT,18,F,619,68.78,B
STU0578,78,A,47,C,66,B,29,F,59,B,25,F,Agriculture,74,B,Dance,79,A,Home_Science,91,A,548,60.89,B
STU0579,38,C,45,C,77,A,59,B,51,C,66,B,Agriculture,61,B,Dance,78,A,ICT,10,F,485,53.89,C
STU0580,41,C,71,B,77,A,84,A,68,B,62,B,Commerce,69,B,English_Lit,87,A,Health,62,B,621,69,B
STU0581,71,B,2,F,47,C,0,F,97,A,49,C,Commerce,71,B,Art,44,C,ICT,61,B,442,49.11,C
STU0582,54,C,77,A,56,B,74,B,66,B,65,B,Commerce,91,A,Dance,84,A,Home_Science,58,B,625,69.44,B
STU0583,80,A,61,B,49,C,26,F,36,C,74,B,Commerce,78,A,Music,69,B,ICT,52,C,525,58.33,B
STU0584,80,A,67,B,60,B,14,F,60,B,54,C,Commerce,92,A,Sinhala_Lit,72,B,Media,90,A,589,65.44,B
STU0585,93,A,41,C,84,A,88,A,37,C,59,B,Commerce,33,F,Art,39,C,Home_Science,85,A,559,62.11,B
STU0586,49,C,84,A,79,A,97,A,98,A,55,B,Commerce,45,C,Music,38,C,Home_Science,100,A,645,71.67,B
STU0587,8,F,34,F,75,A,93,A,79,A,50,C,Commerce,57,B,English_Lit,82,A,Health,72,B,550,61.11,B
STU0588,74,B,44,C,77,A,59,B,99,A,3,F,Commerce,59,B,Drama,93,A,Health,65,B,573,63.67,B
STU0589,59,B,63,B,98,A,59,B,83,A,69,B,Agriculture,39,C,Sinhala_Lit,50,C,ICT,91,A,611,67.89,B
STU0590,79,A,69,B,97,A,64,B,92,A,62,B,Agriculture,65,B,Music,46,C,Health,54,C,628,69.78,B
STU0591,80,A,29,F,52,C,78,A,55,B,52,C,Commerce,68,B,Music,59,B,Media,94,A,567,63,B
STU0592,38,C,80,A,86,A,56,B,71,B,100,A,Commerce,68,B,Sinhala_Lit,71,B,Home_Science,38,C,608,67.56,B
STU0593,6,F,83,A,91,A,80,A,96,A,85,A,Agriculture,98,A,Dance,100,A,Health,73,B,712,79.11,A
STU0594,91,A,46,C,45,C,73,B,49,C,38,C,Commerce,44,C,Music,68,B,Health,64,B,518,57.56,B
STU0595,85,A,86,A,49,C,55,B,78,A,62,B,Agriculture,59,B,Music,75,A,Health,38,C,587,65.22,B
STU0596,43,C,70,B,44,C,61,B,82,A,6,F,Agriculture,6,F,Art,51,C,ICT,70,B,433,48.11,C
STU0597,73,B,14,F,69,B,69,B,74,B,79,A,Agriculture,100,A,Art,26,F,Home_Science,68,B,572,63.56,B
STU0598,85,A,49,C,58,B,82,A,6,F,54,C,Commerce,70,B,Music,46,C,ICT,47,C,497,55.22,B
STU0599,68,B,72,B,87,A,38,C,94,A,76,A,Agriculture,77,A,Sinhala_Lit,81,A,Health,71,B,664,73.78,B
STU0600,46,C,56,B,6,F,89,A,65,B,75,A,Agriculture,48,C,Sinhala_Lit,73,B,Home_Science,62,B,520,57.78,B
STU0601,77,A,88,A,86,A,91,A,91,A,80,A,Commerce,20,F,Dance,82,A,Health,46,C,661,73.44,B
STU0602,52,C,98,A,55,B,37,C,93,A,58,B,Agriculture,100,A,English_Lit,74,B,Media,89,A,656,72.89,B
STU0603,61,B,45,C,45,C,2,F,56,B,95,A,Agriculture,73,B,Music,19,F,Health,52,C,448,49.78,C
STU0604,72,B,35,C,74,B,27,F,81,A,66,B,Commerce,70,B,Sinhala_Lit,73,B,ICT,28,F,526,58.44,B
STU0605,14,F,57,B,53,C,98,A,75,A,65,B,Commerce,65,B,Art,75,A,ICT,72,B,574,63.78,B
STU0606,54,C,39,C,40,C,80,A,38,C,88,A,Agriculture,86,A,Drama,90,A,ICT,61,B,576,64,B
STU0607,64,B,52,C,66,B,40,C,97,A,13,F,Agriculture,58,B,Music,63,B,Media,43,C,496,55.11,B
STU0608,30,F,68,B,33,F,74,B,83,A,93,A,Commerce,71,B,Music,89,A,ICT,85,A,626,69.56,B
STU0609,99,A,8,F,62,B,95,A,60,B,89,A,Agriculture,54,C,Music,77,A,ICT,71,B,615,68.33,B
STU0610,48,C,60,B,49,C,87,A,78,A,99,A,Commerce,40,C,Art,83,A,Media,55,B,599,66.56,B
STU0611,48,C,25,F,79,A,36,C,35,C,60,B,Agriculture,56,B,Art,88,A,Media,19,F,446,49.56,C
STU0612,70,B,15,F,99,A,64,B,45,C,52,C,Agriculture,82,A,Art,67,B,Home_Science,13,F,507,56.33,B
STU0613,75,A,82,A,57,B,41,C,58,B,38,C,Agriculture,45,C,Drama,49,C,Health,44,C,489,54.33,C
STU0614,63,B,55,B,99,A,69,B,51,C,100,A,Agriculture,82,A,Music,56,B,ICT,53,C,628,69.78,B
STU0615,78,A,74,B,34,F,69,B,42,C,82,A,Commerce,9,F,English_Lit,13,F,Health,53,C,454,50.44,C
STU0616,36,C,84,A,7,F,4,F,87,A,96,A,Commerce,75,A,Art,71,B,Health,41,C,501,55.67,B
STU0617,68,B,62,B,62,B,54,C,67,B,47,C,Agriculture,95,A,Dance,48,C,Home_Science,89,A,592,65.78,B
STU0618,66,B,59,B,63,B,36,C,69,B,35,C,Agriculture,58,B,Drama,58,B,Home_Science,28,F,472,52.44,C
STU0619,99,A,63,B,73,B,79,A,78,A,25,F,Agriculture,58,B,Art,53,C,Home_Science,15,F,543,60.33,B
STU0620,63,B,21,F,43,C,60,B,56,B,40,C,Commerce,54,C,Dance,84,A,Health,67,B,488,54.22,C
STU0621,59,B,68,B,59,B,57,B,52,C,96,A,Agriculture,52,C,Music,74,B,Health,86,A,603,67,B
STU0622,63,B,55,B,99,A,72,B,67,B,1,F,Agriculture,53,C,English_Lit,78,A,Media,74,B,562,62.44,B
STU0623,76,A,48,C,63,B,86,A,20,F,60,B,Agriculture,36,C,English_Lit,49,C,ICT,70,B,508,56.44,B
STU0624,91,A,43,C,68,B,49,C,58,B,71,B,Commerce,93,A,Music,15,F,Media,58,B,546,60.67,B
STU0625,28,F,85,A,99,A,65,B,39,C,71,B,Commerce,74,B,Sinhala_Lit,72,B,Health,42,C,575,63.89,B
STU0626,45,C,85,A,37,C,58,B,46,C,64,B,Agriculture,89,A,Dance,55,B,Home_Science,83,A,562,62.44,B
STU0627,83,A,94,A,65,B,91,A,73,B,17,F,Agriculture,62,B,Sinhala_Lit,59,B,Home_Science,54,C,598,66.44,B
STU0628,85,A,79,A,61,B,50,C,51,C,75,A,Agriculture,44,C,Art,61,B,Health,34,F,540,60,B
STU0629,86,A,38,C,9,F,99,A,60,B,42,C,Commerce,42,C,Music,37,C,ICT,60,B,473,52.56,C
STU0630,60,B,58,B,44,C,59,B,45,C,44,C,Commerce,61,B,Music,44,C,Media,70,B,485,53.89,C
STU0631,10,F,71,B,61,B,37,C,39,C,79,A,Commerce,58,B,Art,91,A,Media,76,A,522,58,B
STU0632,58,B,73,B,74,B,52,C,100,A,40,C,Agriculture,69,B,Drama,72,B,Health,39,C,577,64.11,B
STU0633,59,B,48,C,66,B,52,C,63,B,61,B,Commerce,36,C,Drama,43,C,Health,79,A,507,56.33,B
STU0634,58,B,94,A,90,A,73,B,58,B,49,C,Agriculture,69,B,English_Lit,37,C,Home_Science,5,F,533,59.22,B
STU0635,61,B,37,C,55,B,63,B,53,C,89,A,Agriculture,80,A,Music,72,B,ICT,88,A,598,66.44,B
STU0636,27,F,80,A,85,A,2,F,84,A,53,C,Agriculture,84,A,Art,77,A,Media,49,C,541,60.11,B
STU0637,71,B,67,B,48,C,39,C,78,A,36,C,Commerce,59,B,Art,41,C,Health,74,B,513,57,B
STU0638,30,F,88,A,66,B,97,A,57,B,82,A,Commerce,68,B,Sinhala_Lit,68,B,Health,95,A,651,72.33,B
STU0639,49,C,47,C,67,B,31,F,99,A,56,B,Agriculture,36,C,Sinhala_Lit,64,B,ICT,41,C,490,54.44,C
STU0640,78,A,65,B,89,A,82,A,73,B,39,C,Agriculture,60,B,Art,47,C,Home_Science,90,A,623,69.22,B
STU0641,50,C,32,F,57,B,30,F,91,A,38,C,Agriculture,96,A,Drama,74,B,Home_Science,55,B,523,58.11,B
STU0642,65,B,93,A,86,A,91,A,61,B,62,B,Commerce,49,C,Music,75,A,Media,41,C,623,69.22,B
STU0643,60,B,86,A,68,B,60,B,85,A,85,A,Commerce,91,A,Drama,64,B,ICT,65,B,664,73.78,B
STU0644,36,C,29,F,26,F,58,B,82,A,69,B,Agriculture,82,A,Dance,55,B,ICT,99,A,536,59.56,B
STU0645,86,A,44,C,58,B,94,A,87,A,40,C,Agriculture,72,B,Sinhala_Lit,64,B,ICT,55,B,600,66.67,B
STU0646,85,A,93,A,69,B,5,F,79,A,81,A,Commerce,54,C,Art,91,A,Health,58,B,615,68.33,B
STU0647,63,B,83,A,44,C,61,B,76,A,74,B,Agriculture,61,B,Art,89,A,Home_Science,81,A,632,70.22,B
STU0648,84,A,58,B,62,B,39,C,91,A,72,B,Commerce,28,F,Music,53,C,Home_Science,42,C,529,58.78,B
STU0649,55,B,39,C,82,A,39,C,80,A,42,C,Agriculture,72,B,Music,42,C,Media,61,B,512,56.89,B
STU0650,79,A,71,B,49,C,70,B,92,A,86,A,Commerce,65,B,Drama,49,C,Home_Science,62,B,623,69.22,B
STU0651,70,B,80,A,64,B,65,B,74,B,91,A,Agriculture,40,C,Drama,66,B,Media,92,A,642,71.33,B
STU0652,76,A,73,B,58,B,12,F,39,C,83,A,Agriculture,74,B,Dance,54,C,Health,59,B,528,58.67,B
STU0653,10,F,35,C,70,B,76,A,58,B,49,C,Commerce,60,B,Music,86,A,Media,37,C,481,53.44,C
STU0654,65,B,2,F,73,B,82,A,47,C,8,F,Commerce,93,A,Dance,12,F,Home_Science,66,B,448,49.78,C
STU0655,56,B,43,C,33,F,20,F,51,C,80,A,Commerce,38,C,Music,99,A,Home_Science,98,A,518,57.56,B
STU0656,37,C,11,F,42,C,50,C,46,C,71,B,Agriculture,73,B,Drama,37,C,ICT,67,B,434,48.22,C
STU0657,65,B,78,A,74,B,79,A,58,B,100,A,Agriculture,45,C,Art,86,A,ICT,78,A,663,73.67,B
STU0658,74,B,65,B,80,A,53,C,58,B,100,A,Agriculture,59,B,Sinhala_Lit,83,A,ICT,56,B,628,69.78,B
STU0659,61,B,100,A,40,C,49,C,59,B,83,A,Commerce,75,A,English_Lit,41,C,Home_Science,43,C,551,61.22,B
STU0660,54,C,8,F,35,C,63,B,39,C,67,B,Agriculture,93,A,Dance,41,C,Media,74,B,474,52.67,C
STU0661,43,C,96,A,79,A,9,F,88,A,27,F,Commerce,73,B,Music,37,C,Health,26,F,478,53.11,C
STU0662,92,A,12,F,75,A,49,C,88,A,36,C,Commerce,98,A,English_Lit,53,C,ICT,87,A,590,65.56,B
STU0663,18,F,0,F,51,C,46,C,97,A,72,B,Commerce,46,C,Music,7,F,Health,96,A,433,48.11,C
STU0664,55,B,43,C,39,C,18,F,93,A,84,A,Commerce,64,B,Music,36,C,Home_Science,70,B,502,55.78,B
STU0665,72,B,67,B,72,B,97,A,61,B,91,A,Agriculture,65,B,Art,59,B,Home_Science,70,B,654,72.67,B
STU0666,26,F,84,A,76,A,52,C,77,A,66,B,Agriculture,72,B,Sinhala_Lit,23,F,Health,72,B,548,60.89,B
STU0667,47,C,71,B,44,C,70,B,37,C,53,C,Agriculture,66,B,Sinhala_Lit,47,C,Home_Science,57,B,492,54.67,C
STU0668,61,B,38,C,99,A,84,A,71,B,58,B,Agriculture,99,A,Dance,13,F,Home_Science,2,F,525,58.33,B
STU0669,82,A,71,B,93,A,6,F,71,B,80,A,Agriculture,81,A,English_Lit,66,B,Health,59,B,609,67.67,B
STU0670,49,C,96,A,37,C,72,B,59,B,91,A,Agriculture,4,F,Sinhala_Lit,79,A,Home_Science,65,B,552,61.33,B
STU0671,72,B,12,F,93,A,66,B,62,B,76,A,Commerce,43,C,Sinhala_Lit,38,C,Health,41,C,503,55.89,B
STU0672,11,F,3,F,56,B,82,A,41,C,86,A,Commerce,71,B,Dance,71,B,Media,65,B,486,54,C
STU0673,1,F,42,C,38,C,90,A,73,B,65,B,Agriculture,68,B,Dance,97,A,Health,77,A,551,61.22,B
STU0674,35,C,74,B,58,B,65,B,28,F,66,B,Commerce,77,A,Dance,85,A,Home_Science,68,B,556,61.78,B
STU0675,79,A,47,C,86,A,7,F,86,A,10,F,Commerce,71,B,English_Lit,59,B,Home_Science,70,B,515,57.22,B
STU0676,64,B,58,B,49,C,51,C,51,C,38,C,Commerce,49,C,Dance,65,B,Media,93,A,518,57.56,B
STU0677,70,B,61,B,38,C,40,C,49,C,57,B,Agriculture,56,B,Music,57,B,ICT,24,F,452,50.22,C
STU0678,95,A,76,A,25,F,55,B,21,F,47,C,Commerce,45,C,Sinhala_Lit,86,A,Home_Science,79,A,529,58.78,B
STU0679,72,B,36,C,64,B,89,A,77,A,79,A,Agriculture,63,B,Sinhala_Lit,40,C,Health,54,C,574,63.78,B
STU0680,43,C,62,B,56,B,97,A,51,C,58,B,Agriculture,53,C,English_Lit,70,B,Home_Science,76,A,566,62.89,B
STU0681,57,B,96,A,16,F,47,C,38,C,71,B,Agriculture,69,B,Art,40,C,ICT,77,A,511,56.78,B
STU0682,12,F,76,A,61,B,0,F,66,B,68,B,Agriculture,70,B,Dance,65,B,Health,91,A,509,56.56,B
STU0683,42,C,2,F,83,A,87,A,100,A,39,C,Commerce,75,A,Drama,66,B,Home_Science,35,C,529,58.78,B
STU0684,60,B,69,B,78,A,46,C,31,F,85,A,Agriculture,60,B,English_Lit,61,B,Health,60,B,550,61.11,B
STU0685,35,C,73,B,57,B,44,C,35,C,65,B,Agriculture,84,A,Art,91,A,Home_Science,36,C,520,57.78,B
STU0686,74,B,37,C,52,C,84,A,85,A,68,B,Commerce,45,C,Drama,30,F,Health,70,B,545,60.56,B
STU0687,71,B,65,B,9,F,50,C,63,B,92,A,Agriculture,73,B,Art,50,C,ICT,72,B,545,60.56,B
STU0688,91,A,46,C,32,F,50,C,59,B,83,A,Agriculture,49,C,Sinhala_Lit,41,C,Health,74,B,525,58.33,B
STU0689,88,A,52,C,76,A,95,A,86,A,47,C,Commerce,58,B,Art,43,C,ICT,31,F,576,64,B
STU0690,96,A,74,B,55,B,21,F,69,B,80,A,Commerce,97,A,Dance,54,C,Health,70,B,616,68.44,B
STU0691,58,B,64,B,94,A,48,C,91,A,7,F,Agriculture,72,B,Art,40,C,Media,80,A,554,61.56,B
STU0692,9,F,85,A,90,A,81,A,84,A,55,B,Agriculture,41,C,Sinhala_Lit,75,A,Health,59,B,579,64.33,B
STU0693,83,A,80,A,99,A,72,B,40,C,64,B,Commerce,74,B,English_Lit,71,B,ICT,72,B,655,72.78,B
STU0694,86,A,70,B,96,A,74,B,97,A,87,A,Commerce,53,C,Dance,53,C,ICT,61,B,677,75.22,A
STU0695,77,A,36,C,59,B,80,A,64,B,41,C,Agriculture,83,A,Art,69,B,Home_Science,76,A,585,65,B
STU0696,80,A,27,F,5,F,64,B,68,B,12,F,Agriculture,86,A,Music,100,A,Health,68,B,510,56.67,B
STU0697,78,A,47,C,75,A,80,A,53,C,58,B,Agriculture,54,C,Art,79,A,ICT,66,B,590,65.56,B
STU0698,65,B,37,C,86,A,67,B,54,C,60,B,Agriculture,20,F,Music,50,C,Home_Science,64,B,503,55.89,B
STU0699,50,C,8,F,84,A,96,A,78,A,79,A,Agriculture,84,A,Drama,34,F,Health,61,B,574,63.78,B
STU0700,91,A,98,A,84,A,87,A,80,A,46,C,Agriculture,65,B,Dance,68,B,ICT,75,A,694,77.11,A
STU0701,91,A,76,A,55,B,64,B,41,C,42,C,Agriculture,83,A,Sinhala_Lit,77,A,Home_Science,1,F,530,58.89,B
STU0702,74,B,47,C,89,A,65,B,47,C,9,F,Agriculture,77,A,Dance,60,B,Health,14,F,482,53.56,C
STU0703,64,B,80,A,76,A,59,B,56,B,98,A,Commerce,23,F,Sinhala_Lit,67,B,Home_Science,66,B,589,65.44,B
STU0704,75,A,15,F,94,A,37,C,57,B,76,A,Agriculture,70,B,Dance,74,B,ICT,90,A,588,65.33,B
STU0705,76,A,65,B,47,C,69,B,79,A,44,C,Agriculture,53,C,Dance,53,C,Home_Science,59,B,545,60.56,B
STU0706,100,A,51,C,89,A,61,B,62,B,97,A,Agriculture,86,A,Sinhala_Lit,82,A,Health,74,B,702,78,A
STU0707,61,B,64,B,99,A,61,B,42,C,85,A,Agriculture,49,C,Art,61,B,Health,56,B,578,64.22,B
STU0708,49,C,52,C,64,B,41,C,76,A,68,B,Agriculture,90,A,Dance,67,B,ICT,51,C,558,62,B
STU0709,13,F,93,A,95,A,59,B,72,B,65,B,Commerce,88,A,English_Lit,98,A,Home_Science,82,A,665,73.89,B
STU0710,96,A,71,B,67,B,18,F,26,F,44,C,Agriculture,40,C,Drama,71,B,ICT,69,B,502,55.78,B
STU0711,73,B,58,B,90,A,84,A,34,F,63,B,Commerce,85,A,Dance,45,C,Home_Science,69,B,601,66.78,B
STU0712,67,B,36,C,72,B,99,A,53,C,99,A,Commerce,71,B,Music,65,B,Home_Science,73,B,635,70.56,B
STU0713,59,B,36,C,81,A,59,B,36,C,57,B,Agriculture,97,A,Art,21,F,Health,93,A,539,59.89,B
STU0714,98,A,50,C,60,B,61,B,55,B,88,A,Commerce,85,A,Drama,82,A,ICT,38,C,617,68.56,B
STU0715,65,B,80,A,85,A,27,F,74,B,77,A,Commerce,62,B,Dance,43,C,Media,69,B,582,64.67,B
STU0716,45,C,96,A,74,B,51,C,99,A,93,A,Agriculture,92,A,Dance,63,B,Health,88,A,701,77.89,A
STU0717,68,B,47,C,74,B,46,C,51,C,61,B,Agriculture,50,C,Drama,66,B,Media,48,C,511,56.78,B
STU0718,85,A,0,F,33,F,69,B,44,C,64,B,Commerce,59,B,Drama,97,A,Home_Science,82,A,533,59.22,B
STU0719,6,F,49,C,51,C,35,C,36,C,15,F,Commerce,84,A,Music,99,A,Media,73,B,448,49.78,C
STU0720,83,A,36,C,65,B,36,C,100,A,64,B,Commerce,66,B,English_Lit,57,B,Home_Science,16,F,523,58.11,B
STU0721,30,F,68,B,46,C,42,C,87,A,36,C,Commerce,14,F,Art,56,B,Home_Science,82,A,461,51.22,C
STU0722,40,C,41,C,36,C,65,B,35,C,84,A,Agriculture,51,C,English_Lit,78,A,Home_Science,83,A,513,57,B
STU0723,75,A,93,A,43,C,10,F,55,B,76,A,Agriculture,65,B,Art,19,F,Health,97,A,533,59.22,B
STU0724,59,B,54,C,11,F,62,B,97,A,64,B,Agriculture,53,C,Drama,80,A,Health,53,C,533,59.22,B
STU0725,98,A,63,B,39,C,98,A,70,B,59,B,Agriculture,70,B,Dance,58,B,Home_Science,69,B,624,69.33,B
STU0726,95,A,3,F,71,B,93,A,75,A,44,C,Commerce,83,A,Music,59,B,Health,31,F,554,61.56,B
STU0727,85,A,87,A,43,C,72,B,57,B,5,F,Commerce,40,C,Sinhala_Lit,80,A,ICT,67,B,536,59.56,B
STU0728,31,F,67,B,69,B,50,C,70,B,72,B,Commerce,74,B,Art,5,F,ICT,68,B,506,56.22,B
STU0729,94,A,86,A,55,B,66,B,74,B,85,A,Agriculture,63,B,Art,91,A,Media,31,F,645,71.67,B
STU0730,40,C,100,A,71,B,70,B,59,B,85,A,Agriculture,55,B,Dance,83,A,Home_Science,96,A,659,73.22,B
STU0731,92,A,61,B,79,A,57,B,55,B,100,A,Agriculture,41,C,English_Lit,82,A,Home_Science,76,A,643,71.44,B
STU0732,80,A,82,A,98,A,73,B,69,B,61,B,Commerce,20,F,Drama,64,B,Home_Science,86,A,633,70.33,B
STU0733,60,B,36,C,61,B,91,A,64,B,78,A,Commerce,88,A,Drama,98,A,Health,59,B,635,70.56,B
STU0734,5,F,41,C,44,C,88,A,63,B,39,C,Agriculture,73,B,Dance,43,C,Health,70,B,466,51.78,C
STU0735,74,B,14,F,90,A,52,C,45,C,84,A,Agriculture,30,F,Dance,92,A,ICT,84,A,565,62.78,B
STU0736,36,C,71,B,93,A,91,A,69,B,64,B,Agriculture,64,B,Art,63,B,Media,89,A,640,71.11,B
STU0737,73,B,77,A,86,A,55,B,61,B,5,F,Commerce,51,C,Art,51,C,ICT,38,C,497,55.22,B
STU0738,10,F,54,C,64,B,3,F,37,C,59,B,Commerce,76,A,Dance,99,A,Health,64,B,466,51.78,C
STU0739,51,C,49,C,37,C,65,B,73,B,83,A,Agriculture,68,B,Music,79,A,Media,67,B,572,63.56,B
STU0740,86,A,77,A,98,A,73,B,68,B,44,C,Commerce,13,F,Drama,70,B,ICT,38,C,567,63,B
STU0741,50,C,86,A,57,B,62,B,73,B,93,A,Commerce,86,A,Sinhala_Lit,90,A,Health,92,A,689,76.56,A
STU0742,55,B,59,B,11,F,57,B,47,C,65,B,Commerce,44,C,Music,41,C,ICT,98,A,477,53,C
STU0743,79,A,71,B,60,B,54,C,55,B,60,B,Commerce,99,A,Music,57,B,Health,48,C,583,64.78,B
STU0744,27,F,41,C,83,A,47,C,79,A,38,C,Agriculture,52,C,Drama,97,A,Media,86,A,550,61.11,B
STU0745,77,A,89,A,39,C,77,A,98,A,37,C,Agriculture,53,C,Music,50,C,Home_Science,74,B,594,66,B
STU0746,28,F,97,A,97,A,50,C,63,B,42,C,Agriculture,67,B,Sinhala_Lit,41,C,Media,63,B,548,60.89,B
STU0747,96,A,95,A,86,A,93,A,58,B,47,C,Agriculture,66,B,Music,97,A,Home_Science,64,B,702,78,A
STU0748,74,B,35,C,65,B,64,B,39,C,41,C,Agriculture,70,B,Dance,82,A,Health,60,B,530,58.89,B
STU0749,89,A,83,A,67,B,72,B,100,A,62,B,Commerce,36,C,Drama,74,B,Home_Science,74,B,657,73,B
STU0750,75,A,68,B,77,A,8,F,8,F,35,C,Agriculture,78,A,Drama,55,B,ICT,64,B,468,52,C
STU0751,39,C,33,F,4,F,62,B,44,C,72,B,Commerce,64,B,Music,49,C,ICT,67,B,434,48.22,C
STU0752,96,A,21,F,83,A,94,A,91,A,73,B,Agriculture,81,A,Music,64,B,Home_Science,75,A,678,75.33,A
STU0753,69,B,60,B,88,A,71,B,66,B,61,B,Commerce,96,A,Music,92,A,ICT,100,A,703,78.11,A
STU0754,4,F,67,B,50,C,43,C,89,A,77,A,Agriculture,95,A,Music,52,C,ICT,37,C,514,57.11,B
STU0755,60,B,55,B,77,A,44,C,43,C,67,B,Commerce,35,C,English_Lit,0,F,Media,59,B,440,48.89,C
STU0756,73,B,49,C,69,B,70,B,88,A,62,B,Agriculture,45,C,Art,67,B,ICT,79,A,602,66.89,B
STU0757,63,B,74,B,61,B,47,C,71,B,41,C,Commerce,61,B,English_Lit,43,C,ICT,55,B,516,57.33,B
STU0758,76,A,80,A,62,B,50,C,98,A,87,A,Agriculture,63,B,Dance,38,C,ICT,18,F,572,63.56,B
STU0759,60,B,87,A,87,A,18,F,55,B,38,C,Commerce,88,A,Music,63,B,Health,70,B,566,62.89,B
STU0760,36,C,90,A,7,F,52,C,77,A,42,C,Agriculture,41,C,English_Lit,67,B,Media,44,C,456,50.67,C
STU0761,70,B,8,F,69,B,74,B,58,B,81,A,Agriculture,59,B,English_Lit,89,A,Home_Science,80,A,588,65.33,B
STU0762,18,F,90,A,41,C,72,B,100,A,79,A,Agriculture,95,A,Music,64,B,Home_Science,91,A,650,72.22,B
STU0763,13,F,63,B,79,A,88,A,37,C,44,C,Commerce,66,B,Drama,80,A,Home_Science,63,B,533,59.22,B
STU0764,68,B,52,C,86,A,87,A,73,B,69,B,Agriculture,70,B,Music,91,A,Media,72,B,668,74.22,B
STU0765,62,B,59,B,41,C,45,C,57,B,71,B,Commerce,54,C,Sinhala_Lit,47,C,Media,76,A,512,56.89,B
STU0766,72,B,50,C,67,B,48,C,84,A,93,A,Agriculture,68,B,Dance,57,B,ICT,40,C,579,64.33,B
STU0767,48,C,88,A,63,B,38,C,89,A,58,B,Agriculture,40,C,Art,45,C,Health,63,B,532,59.11,B
STU0768,74,B,54,C,14,F,52,C,41,C,81,A,Commerce,72,B,Art,49,C,Home_Science,66,B,503,55.89,B
STU0769,46,C,51,C,5,F,83,A,28,F,90,A,Commerce,58,B,Art,77,A,Health,40,C,478,53.11,C
STU0770,81,A,69,B,17,F,53,C,54,C,79,A,Commerce,70,B,Dance,95,A,Home_Science,19,F,537,59.67,B
STU0771,55,B,49,C,53,C,89,A,96,A,69,B,Commerce,57,B,Dance,47,C,ICT,99,A,614,68.22,B
STU0772,94,A,94,A,64,B,58,B,99,A,91,A,Agriculture,70,B,English_Lit,27,F,ICT,44,C,641,71.22,B
STU0773,38,C,60,B,57,B,66,B,45,C,66,B,Commerce,83,A,Dance,96,A,Health,55,B,566,62.89,B
STU0774,89,A,30,F,100,A,98,A,52,C,73,B,Agriculture,82,A,Sinhala_Lit,100,A,Health,61,B,685,76.11,A
STU0775,42,C,60,B,60,B,45,C,56,B,37,C,Agriculture,59,B,Drama,78,A,Media,75,A,512,56.89,B
STU0776,10,F,100,A,61,B,58,B,60,B,76,A,Commerce,6,F,Music,79,A,Media,14,F,464,51.56,C
STU0777,33,F,100,A,73,B,77,A,42,C,80,A,Agriculture,37,C,Dance,64,B,ICT,56,B,562,62.44,B
STU0778,67,B,51,C,51,C,82,A,38,C,79,A,Commerce,71,B,Sinhala_Lit,49,C,ICT,76,A,564,62.67,B
STU0779,84,A,50,C,67,B,97,A,85,A,35,C,Agriculture,38,C,Art,35,C,ICT,59,B,550,61.11,B
STU0780,87,A,66,B,69,B,99,A,16,F,90,A,Agriculture,37,C,English_Lit,60,B,ICT,82,A,606,67.33,B
STU0781,72,B,94,A,55,B,49,C,82,A,68,B,Agriculture,54,C,Dance,44,C,Health,97,A,615,68.33,B
STU0782,60,B,28,F,22,F,52,C,44,C,36,C,Agriculture,74,B,Drama,42,C,Health,50,C,408,45.33,C
STU0783,70,B,11,F,46,C,39,C,41,C,44,C,Commerce,63,B,Sinhala_Lit,84,A,Health,59,B,457,50.78,C
STU0784,94,A,83,A,44,C,99,A,73,B,75,A,Agriculture,3,F,Drama,57,B,Home_Science,62,B,590,65.56,B
STU0785,66,B,95,A,40,C,98,A,73,B,71,B,Commerce,35,C,English_Lit,46,C,Health,63,B,587,65.22,B
STU0786,49,C,85,A,80,A,72,B,37,C,40,C,Commerce,84,A,English_Lit,59,B,Media,59,B,565,62.78,B
STU0787,88,A,62,B,47,C,54,C,25,F,43,C,Agriculture,80,A,Art,3,F,Home_Science,61,B,463,51.44,C
STU0788,36,C,59,B,47,C,72,B,60,B,66,B,Commerce,97,A,Drama,42,C,Health,2,F,481,53.44,C
STU0789,63,B,65,B,96,A,57,B,76,A,37,C,Commerce,86,A,Dance,59,B,Home_Science,85,A,624,69.33,B
STU0790,90,A,55,B,74,B,68,B,51,C,74,B,Agriculture,75,A,Dance,41,C,Home_Science,23,F,551,61.22,B
STU0791,21,F,70,B,40,C,71,B,75,A,50,C,Agriculture,42,C,English_Lit,96,A,Health,62,B,527,58.56,B
STU0792,9,F,10,F,92,A,78,A,62,B,48,C,Agriculture,73,B,Drama,68,B,Health,87,A,527,58.56,B
STU0793,78,A,82,A,68,B,59,B,37,C,45,C,Commerce,60,B,Art,67,B,Health,41,C,537,59.67,B
STU0794,64,B,100,A,73,B,41,C,45,C,2,F,Agriculture,76,A,Drama,81,A,Media,41,C,523,58.11,B
STU0795,27,F,92,A,99,A,93,A,93,A,80,A,Commerce,84,A,Music,75,A,Health,49,C,692,76.89,A
STU0796,77,A,86,A,10,F,45,C,42,C,45,C,Commerce,59,B,Dance,70,B,Health,42,C,476,52.89,C
STU0797,73,B,57,B,43,C,25,F,91,A,82,A,Agriculture,77,A,English_Lit,60,B,Media,78,A,586,65.11,B
STU0798,84,A,63,B,61,B,42,C,41,C,64,B,Agriculture,54,C,English_Lit,57,B,Home_Science,57,B,523,58.11,B
STU0799,69,B,93,A,59,B,19,F,75,A,25,F,Agriculture,73,B,Drama,10,F,ICT,11,F,434,48.22,C
STU0800,88,A,81,A,95,A,46,C,6,F,83,A,Commerce,63,B,Sinhala_Lit,42,C,ICT,15,F,519,57.67,B
STU0801,71,B,80,A,36,C,65,B,100,A,99,A,Agriculture,63,B,English_Lit,76,A,Health,45,C,635,70.56,B
STU0802,74,B,57,B,57,B,71,B,91,A,52,C,Commerce,51,C,Music,82,A,ICT,38,C,573,63.67,B
STU0803,83,A,44,C,93,A,83,A,47,C,75,A,Commerce,83,A,English_Lit,13,F,ICT,66,B,587,65.22,B
STU0804,62,B,39,C,9,F,98,A,70,B,63,B,Commerce,54,C,Dance,72,B,ICT,93,A,560,62.22,B
STU0805,71,B,18,F,45,C,47,C,68,B,59,B,Agriculture,42,C,Dance,64,B,Home_Science,90,A,504,56,B
STU0806,94,A,68,B,92,A,60,B,76,A,39,C,Commerce,43,C,Music,64,B,Home_Science,75,A,611,67.89,B
STU0807,94,A,72,B,92,A,61,B,82,A,62,B,Commerce,25,F,Drama,70,B,Health,40,C,598,66.44,B
STU0808,70,B,43,C,73,B,64,B,70,B,72,B,Commerce,38,C,Music,66,B,Health,50,C,546,60.67,B
STU0809,42,C,45,C,26,F,93,A,51,C,79,A,Agriculture,83,A,Art,66,B,Health,11,F,496,55.11,B
STU0810,100,A,73,B,79,A,48,C,70,B,67,B,Agriculture,96,A,Music,73,B,Media,52,C,658,73.11,B
STU0811,50,C,47,C,100,A,40,C,49,C,52,C,Commerce,42,C,English_Lit,75,A,Health,79,A,534,59.33,B
STU0812,61,B,62,B,35,C,91,A,41,C,55,B,Commerce,67,B,Drama,42,C,Health,5,F,459,51,C
STU0813,47,C,65,B,63,B,65,B,72,B,28,F,Agriculture,93,A,Music,56,B,Media,56,B,545,60.56,B
STU0814,59,B,39,C,50,C,95,A,53,C,54,C,Agriculture,50,C,Dance,78,A,Health,2,F,480,53.33,C
STU0815,42,C,68,B,61,B,77,A,11,F,42,C,Commerce,44,C,Drama,57,B,Health,63,B,465,51.67,C
STU0816,4,F,82,A,63,B,71,B,59,B,11,F,Commerce,72,B,Drama,96,A,Home_Science,54,C,512,56.89,B
STU0817,82,A,59,B,92,A,96,A,95,A,65,B,Commerce,86,A,Dance,68,B,Home_Science,65,B,708,78.67,A
STU0818,39,C,65,B,70,B,64,B,74,B,76,A,Agriculture,56,B,Dance,97,A,Health,87,A,628,69.78,B
STU0819,55,B,100,A,98,A,74,B,58,B,57,B,Agriculture,96,A,Art,83,A,Health,82,A,703,78.11,A
STU0820,57,B,66,B,74,B,51,C,74,B,64,B,Commerce,60,B,Drama,77,A,Health,64,B,587,65.22,B
STU0821,68,B,53,C,45,C,59,B,89,A,97,A,Commerce,62,B,English_Lit,63,B,Health,69,B,605,67.22,B
STU0822,91,A,36,C,42,C,66,B,46,C,44,C,Agriculture,76,A,Sinhala_Lit,88,A,ICT,96,A,585,65,B
STU0823,57,B,72,B,42,C,60,B,74,B,51,C,Agriculture,94,A,Music,35,C,Media,45,C,530,58.89,B
STU0824,49,C,8,F,96,A,1,F,48,C,55,B,Commerce,57,B,Dance,61,B,Health,84,A,459,51,C
STU0825,86,A,80,A,9,F,42,C,44,C,6,F,Agriculture,79,A,Art,71,B,Home_Science,71,B,488,54.22,C
STU0826,48,C,61,B,67,B,41,C,72,B,47,C,Commerce,81,A,Music,61,B,Health,67,B,545,60.56,B
STU0827,94,A,15,F,73,B,86,A,48,C,65,B,Commerce,93,A,Art,38,C,Home_Science,35,C,547,60.78,B
STU0828,13,F,84,A,81,A,96,A,77,A,71,B,Agriculture,99,A,English_Lit,8,F,Media,49,C,578,64.22,B
STU0829,94,A,98,A,49,C,31,F,42,C,97,A,Commerce,81,A,Sinhala_Lit,56,B,Media,7,F,555,61.67,B
STU0830,65,B,68,B,46,C,65,B,70,B,83,A,Agriculture,70,B,English_Lit,75,A,ICT,96,A,638,70.89,B
STU0831,47,C,91,A,49,C,99,A,92,A,29,F,Agriculture,68,B,English_Lit,88,A,ICT,68,B,631,70.11,B
STU0832,66,B,96,A,78,A,77,A,73,B,38,C,Agriculture,47,C,Art,97,A,ICT,99,A,671,74.56,B
STU0833,55,B,43,C,48,C,45,C,13,F,52,C,Commerce,63,B,Art,100,A,ICT,66,B,485,53.89,C
STU0834,48,C,38,C,44,C,86,A,84,A,95,A,Commerce,67,B,Drama,65,B,ICT,86,A,613,68.11,B
STU0835,71,B,78,A,58,B,56,B,65,B,61,B,Commerce,73,B,Sinhala_Lit,74,B,Home_Science,67,B,603,67,B
STU0836,60,B,63,B,56,B,59,B,79,A,70,B,Agriculture,53,C,Drama,71,B,Health,52,C,563,62.56,B
STU0837,16,F,46,C,53,C,62,B,97,A,36,C,Agriculture,69,B,Dance,56,B,ICT,51,C,486,54,C
STU0838,63,B,74,B,76,A,54,C,96,A,50,C,Commerce,43,C,Music,5,F,Health,71,B,532,59.11,B
STU0839,78,A,53,C,38,C,68,B,100,A,78,A,Agriculture,69,B,Music,63,B,Home_Science,57,B,604,67.11,B
STU0840,39,C,40,C,100,A,11,F,98,A,72,B,Agriculture,80,A,Art,66,B,Media,42,C,548,60.89,B
STU0841,99,A,37,C,73,B,80,A,74,B,87,A,Agriculture,81,A,Art,94,A,Home_Science,72,B,697,77.44,A
STU0842,70,B,81,A,89,A,1,F,55,B,88,A,Commerce,36,C,English_Lit,65,B,Health,6,F,491,54.56,C
STU0843,80,A,88,A,66,B,100,A,62,B,20,F,Agriculture,89,A,Music,40,C,Media,46,C,591,65.67,B
STU0844,80,A,100,A,55,B,99,A,46,C,8,F,Agriculture,51,C,Drama,92,A,ICT,36,C,567,63,B
STU0845,45,C,38,C,92,A,49,C,97,A,66,B,Agriculture,44,C,Dance,12,F,ICT,55,B,498,55.33,B
STU0846,66,B,42,C,41,C,50,C,51,C,69,B,Agriculture,44,C,Art,48,C,Health,6,F,417,46.33,C
STU0847,94,A,48,C,90,A,76,A,44,C,54,C,Agriculture,18,F,Music,86,A,ICT,41,C,551,61.22,B
STU0848,34,F,47,C,99,A,95,A,40,C,65,B,Agriculture,51,C,Music,41,C,ICT,64,B,536,59.56,B
STU0849,47,C,94,A,80,A,81,A,91,A,71,B,Agriculture,78,A,Art,83,A,Home_Science,53,C,678,75.33,A
STU0850,20,F,60,B,55,B,59,B,75,A,74,B,Agriculture,83,A,Sinhala_Lit,57,B,ICT,64,B,547,60.78,B
STU0851,91,A,48,C,61,B,56,B,72,B,56,B,Agriculture,91,A,Art,54,C,Media,46,C,575,63.89,B
STU0852,44,C,99,A,73,B,39,C,66,B,78,A,Commerce,73,B,Sinhala_Lit,71,B,Media,62,B,605,67.22,B
STU0853,85,A,92,A,35,C,31,F,59,B,64,B,Commerce,96,A,Sinhala_Lit,69,B,Media,60,B,591,65.67,B
STU0854,54,C,61,B,96,A,37,C,67,B,70,B,Commerce,72,B,Drama,58,B,Health,36,C,551,61.22,B
STU0855,77,A,55,B,83,A,72,B,94,A,36,C,Agriculture,44,C,Art,91,A,Health,43,C,595,66.11,B
STU0856,61,B,53,C,90,A,50,C,58,B,63,B,Commerce,85,A,English_Lit,52,C,Home_Science,95,A,607,67.44,B
STU0857,49,C,37,C,43,C,89,A,81,A,26,F,Agriculture,69,B,Art,75,A,Health,71,B,540,60,B
STU0858,76,A,90,A,56,B,77,A,59,B,56,B,Commerce,64,B,Sinhala_Lit,96,A,Media,71,B,645,71.67,B
STU0859,85,A,68,B,56,B,99,A,69,B,59,B,Agriculture,42,C,Dance,85,A,Health,57,B,620,68.89,B
STU0860,4,F,11,F,80,A,48,C,63,B,41,C,Commerce,36,C,Drama,72,B,Media,58,B,413,45.89,C
STU0861,78,A,79,A,41,C,64,B,35,C,16,F,Agriculture,81,A,Music,46,C,ICT,69,B,509,56.56,B
STU0862,81,A,65,B,33,F,72,B,70,B,61,B,Commerce,68,B,Drama,48,C,Media,70,B,568,63.11,B
STU0863,38,C,60,B,46,C,66,B,100,A,64,B,Commerce,35,C,Music,45,C,Media,46,C,500,55.56,B
STU0864,80,A,40,C,92,A,48,C,83,A,75,A,Agriculture,42,C,Sinhala_Lit,92,A,Media,61,B,613,68.11,B
STU0865,41,C,66,B,27,F,37,C,69,B,50,C,Agriculture,60,B,English_Lit,2,F,Home_Science,70,B,422,46.89,C
STU0866,42,C,65,B,86,A,97,A,91,A,83,A,Commerce,87,A,Music,73,B,Health,70,B,694,77.11,A
STU0867,52,C,44,C,90,A,44,C,46,C,83,A,Commerce,53,C,English_Lit,69,B,Health,42,C,523,58.11,B
STU0868,59,B,15,F,41,C,3,F,66,B,72,B,Agriculture,95,A,English_Lit,36,C,ICT,76,A,463,51.44,C
STU0869,63,B,55,B,47,C,76,A,58,B,39,C,Agriculture,60,B,Art,89,A,Home_Science,81,A,568,63.11,B
STU0870,37,C,90,A,39,C,83,A,48,C,71,B,Agriculture,94,A,English_Lit,73,B,Media,65,B,600,66.67,B
STU0871,58,B,52,C,89,A,61,B,56,B,83,A,Agriculture,9,F,Music,98,A,Health,82,A,588,65.33,B
STU0872,36,C,77,A,94,A,41,C,49,C,69,B,Agriculture,78,A,English_Lit,92,A,Home_Science,92,A,628,69.78,B
STU0873,79,A,87,A,76,A,9,F,82,A,88,A,Commerce,87,A,Art,38,C,Home_Science,82,A,628,69.78,B
STU0874,90,A,66,B,58,B,68,B,89,A,70,B,Commerce,42,C,Dance,82,A,Media,76,A,641,71.22,B
STU0875,42,C,72,B,63,B,26,F,60,B,35,C,Agriculture,90,A,Art,89,A,Home_Science,93,A,570,63.33,B
STU0876,39,C,78,A,88,A,57,B,55,B,45,C,Commerce,85,A,Music,38,C,ICT,64,B,549,61,B
STU0877,36,C,53,C,6,F,97,A,99,A,47,C,Agriculture,89,A,Art,6,F,ICT,45,C,478,53.11,C
STU0878,37,C,57,B,3,F,65,B,81,A,100,A,Commerce,43,C,Art,73,B,Home_Science,64,B,523,58.11,B
STU0879,59,B,46,C,74,B,89,A,83,A,37,C,Commerce,99,A,English_Lit,44,C,Health,66,B,597,66.33,B
STU0880,52,C,62,B,94,A,74,B,69,B,79,A,Commerce,84,A,English_Lit,16,F,ICT,99,A,629,69.89,B
STU0881,39,C,78,A,56,B,79,A,65,B,80,A,Agriculture,31,F,Art,76,A,Media,55,B,559,62.11,B
STU0882,66,B,60,B,46,C,48,C,37,C,97,A,Agriculture,98,A,Music,96,A,Media,60,B,608,67.56,B
STU0883,5,F,68,B,45,C,85,A,43,C,77,A,Commerce,62,B,Drama,60,B,Media,45,C,490,54.44,C
STU0884,72,B,97,A,55,B,74,B,85,A,56,B,Agriculture,29,F,Music,89,A,Media,98,A,655,72.78,B
STU0885,90,A,59,B,67,B,62,B,78,A,59,B,Commerce,67,B,Sinhala_Lit,10,F,Home_Science,68,B,560,62.22,B
STU0886,56,B,75,A,47,C,99,A,85,A,48,C,Commerce,74,B,English_Lit,44,C,Media,32,F,560,62.22,B
STU0887,64,B,50,C,71,B,42,C,62,B,73,B,Commerce,48,C,English_Lit,80,A,Home_Science,89,A,579,64.33,B
STU0888,19,F,10,F,21,F,83,A,87,A,62,B,Agriculture,86,A,Sinhala_Lit,59,B,Health,68,B,495,55,B
STU0889,48,C,51,C,51,C,69,B,52,C,95,A,Agriculture,9,F,Dance,83,A,Home_Science,37,C,495,55,B
STU0890,53,C,72,B,54,C,72,B,44,C,98,A,Agriculture,79,A,English_Lit,48,C,Health,79,A,599,66.56,B
STU0891,51,C,65,B,46,C,81,A,69,B,54,C,Commerce,78,A,Music,47,C,Home_Science,43,C,534,59.33,B
STU0892,61,B,55,B,82,A,65,B,29,F,97,A,Commerce,82,A,Sinhala_Lit,99,A,Health,99,A,669,74.33,B
STU0893,83,A,81,A,56,B,60,B,71,B,64,B,Agriculture,75,A,Art,65,B,ICT,85,A,640,71.11,B
STU0894,53,C,58,B,62,B,59,B,15,F,48,C,Commerce,85,A,Drama,58,B,Media,100,A,538,59.78,B
STU0895,69,B,100,A,100,A,46,C,43,C,38,C,Commerce,91,A,Music,67,B,Health,55,B,609,67.67,B
STU0896,94,A,100,A,39,C,97,A,48,C,73,B,Commerce,57,B,Music,28,F,Health,79,A,615,68.33,B
STU0897,99,A,62,B,39,C,87,A,85,A,60,B,Agriculture,70,B,Drama,48,C,Health,46,C,596,66.22,B
STU0898,65,B,93,A,65,B,62,B,65,B,56,B,Commerce,34,F,Music,8,F,Home_Science,100,A,548,60.89,B
STU0899,67,B,72,B,77,A,33,F,75,A,100,A,Commerce,67,B,English_Lit,94,A,Home_Science,99,A,684,76,A
STU0900,56,B,36,C,67,B,86,A,80,A,75,A,Commerce,78,A,Music,55,B,ICT,74,B,607,67.44,B
STU0901,74,B,10,F,50,C,97,A,63,B,95,A,Commerce,60,B,Art,78,A,ICT,61,B,588,65.33,B
STU0902,73,B,36,C,90,A,72,B,66,B,41,C,Commerce,65,B,Music,70,B,Media,100,A,613,68.11,B
STU0903,55,B,84,A,84,A,51,C,54,C,93,A,Commerce,77,A,Art,67,B,Home_Science,89,A,654,72.67,B
STU0904,52,C,54,C,62,B,47,C,66,B,70,B,Commerce,74,B,Dance,8,F,Health,76,A,509,56.56,B
STU0905,91,A,71,B,100,A,58,B,40,C,47,C,Agriculture,74,B,Drama,40,C,Home_Science,80,A,601,66.78,B
STU0906,45,C,13,F,74,B,94,A,61,B,85,A,Agriculture,67,B,Drama,70,B,Home_Science,50,C,559,62.11,B
STU0907,95,A,46,C,65,B,40,C,43,C,75,A,Commerce,56,B,Art,92,A,Media,51,C,563,62.56,B
STU0908,95,A,92,A,12,F,56,B,53,C,18,F,Commerce,42,C,Music,56,B,Media,22,F,446,49.56,C
STU0909,35,C,47,C,91,A,86,A,59,B,70,B,Agriculture,71,B,Dance,32,F,Health,89,A,580,64.44,B
STU0910,42,C,51,C,38,C,94,A,49,C,73,B,Commerce,99,A,Dance,69,B,ICT,97,A,612,68,B
STU0911,51,C,37,C,90,A,46,C,41,C,13,F,Commerce,45,C,English_Lit,56,B,Health,75,A,454,50.44,C
STU0912,88,A,72,B,68,B,70,B,1,F,41,C,Commerce,45,C,Music,56,B,Health,69,B,510,56.67,B
STU0913,26,F,69,B,55,B,84,A,81,A,36,C,Agriculture,38,C,English_Lit,89,A,Health,72,B,550,61.11,B
STU0914,55,B,77,A,90,A,45,C,86,A,53,C,Agriculture,88,A,Drama,84,A,Home_Science,62,B,640,71.11,B
STU0915,83,A,70,B,41,C,97,A,55,B,66,B,Agriculture,6,F,Sinhala_Lit,57,B,ICT,82,A,557,61.89,B
STU0916,59,B,22,F,51,C,26,F,88,A,46,C,Commerce,9,F,Music,51,C,Health,52,C,404,44.89,C
STU0917,75,A,56,B,66,B,5,F,73,B,51,C,Commerce,94,A,Dance,3,F,Health,80,A,503,55.89,B
STU0918,41,C,1,F,84,A,73,B,36,C,92,A,Commerce,83,A,Art,91,A,Home_Science,90,A,591,65.67,B
STU0919,59,B,80,A,3,F,39,C,86,A,99,A,Agriculture,4,F,Drama,67,B,Home_Science,46,C,483,53.67,C
STU0920,84,A,85,A,63,B,85,A,74,B,85,A,Commerce,69,B,Art,54,C,Health,49,C,648,72,B
STU0921,86,A,35,C,93,A,99,A,65,B,75,A,Commerce,86,A,English_Lit,50,C,Home_Science,39,C,628,69.78,B
STU0922,45,C,72,B,66,B,73,B,44,C,60,B,Commerce,63,B,Music,95,A,Health,9,F,527,58.56,B
STU0923,70,B,39,C,74,B,90,A,55,B,64,B,Agriculture,32,F,English_Lit,77,A,Home_Science,83,A,584,64.89,B
STU0924,38,C,45,C,85,A,57,B,78,A,62,B,Commerce,37,C,Art,64,B,Media,80,A,546,60.67,B
STU0925,86,A,59,B,67,B,53,C,44,C,19,F,Agriculture,38,C,Music,65,B,ICT,100,A,531,59,B
STU0926,58,B,46,C,73,B,36,C,50,C,14,F,Commerce,68,B,Drama,63,B,Media,36,C,444,49.33,C
STU0927,74,B,61,B,35,C,5,F,46,C,79,A,Commerce,70,B,Drama,60,B,Media,64,B,494,54.89,C
STU0928,97,A,84,A,8,F,52,C,55,B,69,B,Commerce,47,C,Music,55,B,Health,71,B,538,59.78,B
STU0929,41,C,18,F,90,A,69,B,63,B,56,B,Commerce,82,A,Music,54,C,Home_Science,51,C,524,58.22,B
STU0930,11,F,90,A,93,A,44,C,47,C,44,C,Commerce,95,A,English_Lit,77,A,Health,74,B,575,63.89,B
STU0931,83,A,89,A,26,F,73,B,78,A,86,A,Agriculture,51,C,Drama,74,B,Home_Science,82,A,642,71.33,B
STU0932,52,C,45,C,47,C,63,B,46,C,26,F,Commerce,85,A,Dance,73,B,Home_Science,94,A,531,59,B
STU0933,63,B,7,F,37,C,60,B,62,B,99,A,Agriculture,80,A,Sinhala_Lit,85,A,ICT,37,C,530,58.89,B
STU0934,68,B,4,F,81,A,72,B,48,C,39,C,Agriculture,86,A,Drama,54,C,Health,64,B,516,57.33,B
STU0935,82,A,90,A,1,F,61,B,64,B,20,F,Commerce,39,C,Music,42,C,Media,1,F,400,44.44,C
STU0936,69,B,43,C,84,A,84,A,99,A,55,B,Agriculture,51,C,Sinhala_Lit,58,B,ICT,30,F,573,63.67,B
STU0937,99,A,48,C,52,C,13,F,76,A,98,A,Commerce,66,B,Sinhala_Lit,43,C,ICT,37,C,532,59.11,B
STU0938,47,C,89,A,69,B,78,A,23,F,92,A,Agriculture,68,B,Sinhala_Lit,39,C,Health,85,A,590,65.56,B
STU0939,0,F,44,C,53,C,51,C,40,C,61,B,Agriculture,50,C,Drama,21,F,ICT,93,A,413,45.89,C
STU0940,63,B,73,B,72,B,45,C,83,A,37,C,Agriculture,91,A,Drama,61,B,Home_Science,81,A,606,67.33,B
STU0941,36,C,34,F,57,B,90,A,51,C,56,B,Commerce,100,A,Dance,55,B,Media,37,C,516,57.33,B
STU0942,59,B,61,B,72,B,31,F,35,C,49,C,Agriculture,28,F,Sinhala_Lit,69,B,Media,39,C,443,49.22,C
STU0943,100,A,57,B,13,F,87,A,88,A,37,C,Agriculture,97,A,English_Lit,92,A,Home_Science,63,B,634,70.44,B
STU0944,55,B,59,B,58,B,36,C,96,A,90,A,Commerce,91,A,Music,60,B,ICT,6,F,551,61.22,B
STU0945,82,A,94,A,65,B,52,C,82,A,88,A,Commerce,63,B,Dance,53,C,ICT,54,C,633,70.33,B
STU0946,78,A,61,B,69,B,12,F,69,B,65,B,Agriculture,93,A,English_Lit,69,B,ICT,36,C,552,61.33,B
STU0947,68,B,56,B,63,B,35,C,41,C,51,C,Agriculture,95,A,Drama,91,A,Health,55,B,555,61.67,B
STU0948,39,C,53,C,40,C,66,B,57,B,63,B,Agriculture,70,B,Music,39,C,Health,54,C,481,53.44,C
STU0949,71,B,58,B,78,A,23,F,35,C,45,C,Agriculture,7,F,Drama,75,A,ICT,55,B,447,49.67,C
STU0950,50,C,61,B,63,B,3,F,88,A,66,B,Agriculture,77,A,English_Lit,99,A,ICT,66,B,573,63.67,B
STU0951,38,C,79,A,100,A,39,C,34,F,44,C,Agriculture,97,A,Art,60,B,ICT,52,C,543,60.33,B
STU0952,47,C,82,A,92,A,64,B,52,C,72,B,Agriculture,89,A,Sinhala_Lit,88,A,Home_Science,87,A,673,74.78,B
STU0953,74,B,0,F,66,B,47,C,83,A,93,A,Agriculture,71,B,Sinhala_Lit,30,F,ICT,74,B,538,59.78,B
STU0954,2,F,39,C,62,B,57,B,46,C,93,A,Agriculture,17,F,Music,50,C,ICT,58,B,424,47.11,C
STU0955,67,B,57,B,14,F,99,A,58,B,63,B,Commerce,80,A,Art,90,A,ICT,54,C,582,64.67,B
STU0956,91,A,51,C,54,C,20,F,63,B,39,C,Agriculture,38,C,Art,66,B,Media,42,C,464,51.56,C
STU0957,45,C,74,B,57,B,73,B,61,B,70,B,Agriculture,93,A,Sinhala_Lit,68,B,Media,43,C,584,64.89,B
STU0958,56,B,76,A,92,A,67,B,57,B,55,B,Commerce,100,A,Music,21,F,ICT,65,B,589,65.44,B
STU0959,75,A,92,A,76,A,67,B,44,C,12,F,Agriculture,43,C,English_Lit,81,A,ICT,79,A,569,63.22,B
STU0960,61,B,68,B,64,B,40,C,71,B,46,C,Commerce,92,A,Dance,55,B,Home_Science,45,C,542,60.22,B
STU0961,85,A,23,F,72,B,50,C,92,A,41,C,Commerce,56,B,Art,70,B,Health,58,B,547,60.78,B
STU0962,58,B,92,A,97,A,36,C,86,A,98,A,Agriculture,83,A,Drama,90,A,Media,48,C,688,76.44,A
STU0963,74,B,66,B,66,B,95,A,53,C,65,B,Agriculture,35,C,Sinhala_Lit,98,A,ICT,67,B,619,68.78,B
STU0964,82,A,40,C,33,F,41,C,52,C,51,C,Commerce,35,C,Dance,92,A,Home_Science,87,A,513,57,B
STU0965,36,C,18,F,76,A,62,B,91,A,79,A,Agriculture,74,B,Art,72,B,Health,7,F,515,57.22,B
STU0966,69,B,72,B,29,F,76,A,52,C,74,B,Agriculture,41,C,Art,4,F,Home_Science,90,A,507,56.33,B
STU0967,66,B,38,C,7,F,36,C,53,C,58,B,Agriculture,81,A,Music,64,B,Health,55,B,458,50.89,C
STU0968,78,A,58,B,62,B,59,B,78,A,57,B,Commerce,35,C,Drama,44,C,ICT,84,A,555,61.67,B
STU0969,16,F,72,B,78,A,59,B,97,A,43,C,Commerce,38,C,Sinhala_Lit,62,B,Media,75,A,540,60,B
STU0970,38,C,44,C,39,C,44,C,49,C,39,C,Agriculture,68,B,Dance,75,A,Health,54,C,450,50,C
STU0971,51,C,98,A,85,A,45,C,43,C,40,C,Commerce,63,B,Sinhala_Lit,91,A,Media,59,B,575,63.89,B
STU0972,38,C,56,B,83,A,87,A,54,C,22,F,Agriculture,84,A,Dance,62,B,Home_Science,72,B,558,62,B
STU0973,39,C,7,F,63,B,61,B,95,A,72,B,Commerce,91,A,Sinhala_Lit,61,B,Health,38,C,527,58.56,B
STU0974,61,B,68,B,39,C,77,A,62,B,88,A,Commerce,43,C,English_Lit,89,A,Media,63,B,590,65.56,B
STU0975,69,B,60,B,37,C,87,A,84,A,41,C,Agriculture,58,B,Sinhala_Lit,56,B,Home_Science,99,A,591,65.67,B
STU0976,74,B,84,A,90,A,43,C,67,B,70,B,Agriculture,26,F,Music,85,A,ICT,92,A,631,70.11,B
STU0977,78,A,78,A,67,B,61,B,42,C,86,A,Commerce,52,C,Music,49,C,Home_Science,47,C,560,62.22,B
STU0978,56,B,71,B,86,A,96,A,46,C,50,C,Commerce,73,B,Sinhala_Lit,63,B,Health,77,A,618,68.67,B
STU0979,42,C,95,A,90,A,71,B,8,F,93,A,Commerce,84,A,Dance,59,B,Health,41,C,583,64.78,B
STU0980,13,F,88,A,40,C,53,C,40,C,40,C,Commerce,41,C,Drama,22,F,ICT,73,B,410,45.56,C
STU0981,61,B,76,A,72,B,48,C,72,B,57,B,Commerce,67,B,Music,53,C,Media,85,A,591,65.67,B
STU0982,80,A,52,C,75,A,78,A,73,B,74,B,Commerce,33,F,Art,83,A,Media,19,F,567,63,B
STU0983,94,A,96,A,48,C,43,C,71,B,97,A,Agriculture,67,B,Music,58,B,Home_Science,68,B,642,71.33,B
STU0984,36,C,66,B,67,B,71,B,70,B,93,A,Agriculture,35,C,Drama,18,F,Media,37,C,493,54.78,C
STU0985,97,A,55,B,67,B,38,C,65,B,94,A,Commerce,39,C,Dance,72,B,ICT,53,C,580,64.44,B
STU0986,74,B,50,C,58,B,66,B,54,C,40,C,Commerce,64,B,Sinhala_Lit,19,F,Home_Science,66,B,491,54.56,C
STU0987,70,B,50,C,72,B,36,C,38,C,60,B,Commerce,77,A,Art,42,C,Health,47,C,492,54.67,C
STU0988,75,A,69,B,91,A,58,B,79,A,94,A,Commerce,63,B,Music,91,A,Home_Science,91,A,711,79,A
STU0989,43,C,38,C,65,B,5,F,43,C,36,C,Agriculture,30,F,Dance,62,B,Media,0,F,322,35.78,C
STU0990,85,A,57,B,40,C,6,F,81,A,62,B,Commerce,57,B,Sinhala_Lit,24,F,Health,78,A,490,54.44,C
STU0991,63,B,51,C,86,A,67,B,100,A,44,C,Agriculture,23,F,Sinhala_Lit,89,A,Media,57,B,580,64.44,B
STU0992,71,B,78,A,36,C,100,A,65,B,49,C,Agriculture,80,A,Dance,85,A,Media,99,A,663,73.67,B
STU0993,51,C,70,B,68,B,96,A,54,C,54,C,Commerce,64,B,Dance,89,A,ICT,9,F,555,61.67,B
STU0994,44,C,62,B,58,B,63,B,89,A,28,F,Commerce,69,B,Drama,20,F,Health,91,A,524,58.22,B
STU0995,40,C,88,A,58,B,67,B,90,A,88,A,Commerce,100,A,Sinhala_Lit,97,A,Home_Science,97,A,725,80.56,A
STU0996,98,A,87,A,60,B,71,B,79,A,20,F,Commerce,63,B,Sinhala_Lit,97,A,Home_Science,47,C,622,69.11,B
STU0997,75,A,25,F,64,B,62,B,97,A,65,B,Commerce,68,B,Dance,50,C,ICT,60,B,566,62.89,B
STU0998,86,A,0,F,35,C,73,B,71,B,65,B,Commerce,36,C,English_Lit,58,B,Home_Science,93,A,517,57.44,B
STU0999,39,C,62,B,58,B,63,B,35,C,63,B,Agriculture,75,A,English_Lit,50,C,Media,84,A,529,58.78,B
STU1000,77,A,85,A,20,F,100,A,42,C,36,C,Agriculture,39,C,Music,58,B,Home_Science,60,B,517,57.44,B
STU1001,47,C,69,B,98,A,87,A,89,A,65,B,Agriculture,39,C,English_Lit,31,F,Health,40,C,565,62.78,B
STU1002,73,B,39,C,85,A,95,A,59,B,51,C,Commerce,56,B,English_Lit,40,C,Media,29,F,527,58.56,B
STU1003,81,A,72,B,48,C,92,A,20,F,75,A,Agriculture,82,A,Art,86,A,Media,74,B,630,70,B
STU1004,91,A,44,C,24,F,47,C,92,A,89,A,Agriculture,36,C,English_Lit,65,B,Home_Science,54,C,542,60.22,B
STU1005,43,C,78,A,87,A,41,C,71,B,42,C,Commerce,49,C,Art,40,C,Home_Science,37,C,488,54.22,C
STU1006,60,B,77,A,96,A,97,A,93,A,70,B,Agriculture,45,C,Dance,37,C,Home_Science,34,F,609,67.67,B
STU1007,58,B,45,C,31,F,76,A,61,B,19,F,Commerce,7,F,Music,19,F,Health,65,B,381,42.33,C
STU1008,70,B,55,B,48,C,55,B,44,C,52,C,Agriculture,98,A,Sinhala_Lit,49,C,ICT,81,A,552,61.33,B
STU1009,86,A,56,B,100,A,79,A,59,B,72,B,Commerce,44,C,English_Lit,97,A,ICT,48,C,641,71.22,B
STU1010,99,A,59,B,84,A,89,A,87,A,45,C,Agriculture,58,B,Sinhala_Lit,66,B,Home_Science,58,B,645,71.67,B
STU1011,30,F,100,A,23,F,35,C,77,A,86,A,Agriculture,7,F,Drama,72,B,Health,96,A,526,58.44,B
STU1012,6,F,98,A,55,B,81,A,70,B,85,A,Commerce,54,C,English_Lit,37,C,Home_Science,37,C,523,58.11,B
STU1013,96,A,92,A,97,A,74,B,44,C,53,C,Commerce,51,C,Dance,65,B,Home_Science,84,A,656,72.89,B
STU1014,16,F,46,C,74,B,82,A,11,F,81,A,Agriculture,30,F,Music,11,F,Media,7,F,358,39.78,C
STU1015,75,A,69,B,69,B,71,B,85,A,43,C,Agriculture,7,F,Music,78,A,Home_Science,65,B,562,62.44,B
STU1016,62,B,69,B,97,A,43,C,92,A,100,A,Agriculture,87,A,Music,8,F,Media,96,A,654,72.67,B
STU1017,42,C,60,B,35,C,54,C,65,B,90,A,Commerce,91,A,English_Lit,39,C,Health,59,B,535,59.44,B
STU1018,2,F,87,A,82,A,79,A,67,B,70,B,Agriculture,96,A,English_Lit,35,C,Media,60,B,578,64.22,B
STU1019,0,F,85,A,89,A,79,A,87,A,98,A,Commerce,21,F,Drama,30,F,Media,45,C,534,59.33,B
STU1020,21,F,41,C,61,B,47,C,33,F,96,A,Agriculture,54,C,English_Lit,68,B,Health,71,B,492,54.67,C
STU1021,81,A,67,B,96,A,71,B,37,C,42,C,Agriculture,23,F,Sinhala_Lit,36,C,Health,96,A,549,61,B
STU1022,71,B,89,A,71,B,61,B,90,A,74,B,Commerce,62,B,Sinhala_Lit,59,B,ICT,59,B,636,70.67,B
STU1023,43,C,78,A,50,C,75,A,80,A,35,C,Agriculture,36,C,Sinhala_Lit,16,F,ICT,72,B,485,53.89,C
STU1024,61,B,38,C,71,B,86,A,92,A,46,C,Commerce,59,B,Sinhala_Lit,74,B,Media,71,B,598,66.44,B
STU1025,92,A,79,A,72,B,94,A,58,B,72,B,Agriculture,18,F,Sinhala_Lit,65,B,Health,73,B,623,69.22,B
STU1026,63,B,90,A,37,C,37,C,44,C,41,C,Commerce,49,C,Dance,55,B,Health,94,A,510,56.67,B
STU1027,92,A,93,A,86,A,69,B,91,A,80,A,Commerce,64,B,Drama,87,A,Home_Science,30,F,692,76.89,A
STU1028,67,B,35,C,40,C,46,C,65,B,55,B,Agriculture,27,F,Sinhala_Lit,40,C,Health,93,A,468,52,C
STU1029,89,A,54,C,93,A,44,C,73,B,90,A,Commerce,50,C,Music,47,C,Home_Science,56,B,596,66.22,B
STU1030,73,B,54,C,66,B,35,C,46,C,63,B,Agriculture,48,C,Dance,83,A,Health,74,B,542,60.22,B
STU1031,46,C,69,B,49,C,82,A,47,C,49,C,Commerce,75,A,Music,94,A,Media,72,B,583,64.78,B
STU1032,61,B,61,B,12,F,28,F,57,B,52,C,Agriculture,79,A,Sinhala_Lit,37,C,Health,98,A,485,53.89,C
STU1033,65,B,36,C,66,B,36,C,88,A,55,B,Commerce,97,A,Drama,92,A,Media,80,A,615,68.33,B
STU1034,43,C,83,A,28,F,56,B,6,F,44,C,Commerce,40,C,English_Lit,93,A,Health,65,B,458,50.89,C
STU1035,98,A,24,F,70,B,99,A,79,A,62,B,Agriculture,39,C,Dance,17,F,Media,41,C,529,58.78,B
STU1036,30,F,71,B,67,B,51,C,21,F,81,A,Commerce,65,B,English_Lit,59,B,Home_Science,62,B,507,56.33,B
STU1037,66,B,55,B,58,B,74,B,51,C,57,B,Commerce,97,A,Dance,42,C,Health,49,C,549,61,B
STU1038,63,B,21,F,74,B,47,C,20,F,45,C,Commerce,57,B,English_Lit,58,B,ICT,64,B,449,49.89,C
STU1039,98,A,35,C,73,B,58,B,51,C,82,A,Commerce,61,B,Sinhala_Lit,57,B,Home_Science,18,F,533,59.22,B
STU1040,76,A,56,B,88,A,74,B,68,B,72,B,Agriculture,99,A,English_Lit,70,B,Health,58,B,661,73.44,B
STU1041,63,B,4,F,58,B,55,B,63,B,43,C,Commerce,12,F,English_Lit,95,A,Home_Science,67,B,460,51.11,C
STU1042,11,F,60,B,40,C,93,A,80,A,26,F,Agriculture,55,B,English_Lit,95,A,Home_Science,24,F,484,53.78,C
STU1043,80,A,98,A,47,C,98,A,45,C,46,C,Commerce,37,C,Sinhala_Lit,66,B,Home_Science,61,B,578,64.22,B
STU1044,87,A,72,B,94,A,70,B,39,C,99,A,Agriculture,36,C,Art,50,C,Media,92,A,639,71,B
STU1045,50,C,67,B,78,A,65,B,67,B,68,B,Agriculture,91,A,English_Lit,2,F,ICT,50,C,538,59.78,B
STU1046,86,A,63,B,49,C,89,A,41,C,55,B,Commerce,35,C,Music,70,B,ICT,9,F,497,55.22,B
STU1047,29,F,80,A,79,A,73,B,94,A,43,C,Agriculture,55,B,Sinhala_Lit,63,B,ICT,86,A,602,66.89,B
STU1048,61,B,87,A,97,A,88,A,70,B,70,B,Agriculture,86,A,Dance,63,B,Media,75,A,697,77.44,A
STU1049,37,C,63,B,93,A,68,B,57,B,4,F,Commerce,53,C,Drama,98,A,ICT,97,A,570,63.33,B
STU1050,56,B,65,B,63,B,95,A,41,C,98,A,Agriculture,59,B,Dance,56,B,Home_Science,40,C,573,63.67,B
STU1051,32,F,87,A,90,A,60,B,36,C,60,B,Commerce,53,C,English_Lit,77,A,Media,76,A,571,63.44,B
STU1052,61,B,57,B,8,F,66,B,82,A,35,C,Commerce,93,A,Drama,17,F,Home_Science,49,C,468,52,C
STU1053,57,B,79,A,35,C,7,F,46,C,49,C,Agriculture,92,A,Sinhala_Lit,52,C,Home_Science,98,A,515,57.22,B
STU1054,75,A,64,B,45,C,25,F,97,A,40,C,Commerce,65,B,English_Lit,20,F,Health,51,C,482,53.56,C
STU1055,47,C,63,B,57,B,99,A,95,A,85,A,Agriculture,85,A,Drama,95,A,ICT,54,C,680,75.56,A
STU1056,97,A,47,C,50,C,53,C,72,B,48,C,Commerce,96,A,Music,79,A,Home_Science,65,B,607,67.44,B
STU1057,74,B,62,B,57,B,74,B,75,A,87,A,Agriculture,72,B,Sinhala_Lit,77,A,Health,72,B,650,72.22,B
STU1058,97,A,96,A,69,B,45,C,85,A,70,B,Agriculture,55,B,Dance,68,B,Home_Science,45,C,630,70,B
STU1059,87,A,61,B,82,A,76,A,52,C,99,A,Agriculture,99,A,Music,87,A,Health,52,C,695,77.22,A
STU1060,49,C,50,C,41,C,52,C,83,A,72,B,Agriculture,69,B,Music,0,F,Home_Science,66,B,482,53.56,C
STU1061,72,B,68,B,71,B,68,B,33,F,68,B,Commerce,65,B,Music,11,F,Home_Science,66,B,522,58,B
STU1062,66,B,46,C,79,A,89,A,64,B,30,F,Agriculture,43,C,Sinhala_Lit,53,C,Media,42,C,512,56.89,B
STU1063,90,A,54,C,54,C,72,B,100,A,81,A,Commerce,69,B,Dance,35,C,Home_Science,45,C,600,66.67,B
STU1064,87,A,92,A,52,C,86,A,68,B,59,B,Commerce,61,B,Art,81,A,Health,60,B,646,71.78,B
STU1065,45,C,44,C,75,A,37,C,92,A,95,A,Commerce,98,A,English_Lit,42,C,Media,78,A,606,67.33,B
STU1066,51,C,83,A,39,C,42,C,54,C,87,A,Commerce,55,B,Drama,46,C,Home_Science,75,A,532,59.11,B
STU1067,79,A,40,C,42,C,16,F,91,A,82,A,Commerce,96,A,Sinhala_Lit,67,B,Health,29,F,542,60.22,B
STU1068,70,B,84,A,99,A,42,C,62,B,65,B,Commerce,33,F,English_Lit,52,C,Media,75,A,582,64.67,B
STU1069,83,A,41,C,72,B,40,C,99,A,60,B,Agriculture,98,A,Sinhala_Lit,79,A,Health,42,C,614,68.22,B
STU1070,55,B,55,B,43,C,55,B,9,F,60,B,Commerce,13,F,Dance,68,B,Home_Science,96,A,454,50.44,C
STU1071,34,F,46,C,79,A,83,A,20,F,75,A,Agriculture,76,A,Drama,41,C,ICT,19,F,473,52.56,C
STU1072,38,C,66,B,59,B,21,F,57,B,38,C,Commerce,24,F,English_Lit,99,A,Health,74,B,476,52.89,C
STU1073,71,B,66,B,86,A,75,A,9,F,33,F,Agriculture,90,A,Music,56,B,Media,47,C,533,59.22,B
STU1074,64,B,98,A,81,A,79,A,73,B,56,B,Commerce,60,B,Dance,69,B,Health,42,C,622,69.11,B
STU1075,72,B,37,C,74,B,46,C,89,A,49,C,Agriculture,55,B,Sinhala_Lit,12,F,Home_Science,91,A,525,58.33,B
STU1076,35,C,58,B,69,B,53,C,88,A,85,A,Agriculture,41,C,Drama,55,B,Home_Science,49,C,533,59.22,B
STU1077,60,B,85,A,62,B,86,A,61,B,100,A,Agriculture,74,B,Dance,77,A,Health,74,B,679,75.44,A
STU1078,59,B,59,B,66,B,83,A,60,B,60,B,Commerce,97,A,Music,93,A,ICT,84,A,661,73.44,B
STU1079,95,A,91,A,30,F,98,A,36,C,47,C,Agriculture,61,B,Music,68,B,Home_Science,100,A,626,69.56,B
STU1080,45,C,42,C,71,B,35,C,100,A,59,B,Agriculture,80,A,Art,77,A,Media,86,A,595,66.11,B
STU1081,38,C,37,C,35,C,95,A,38,C,37,C,Agriculture,62,B,Dance,77,A,ICT,49,C,468,52,C
STU1082,63,B,13,F,99,A,95,A,72,B,53,C,Commerce,72,B,Art,59,B,Home_Science,70,B,596,66.22,B
STU1083,86,A,63,B,37,C,64,B,92,A,69,B,Commerce,85,A,English_Lit,98,A,Health,59,B,653,72.56,B
STU1084,60,B,37,C,72,B,75,A,67,B,57,B,Agriculture,93,A,Music,63,B,Home_Science,38,C,562,62.44,B
STU1085,97,A,89,A,90,A,85,A,56,B,69,B,Agriculture,29,F,Dance,8,F,Media,72,B,595,66.11,B
STU1086,58,B,36,C,37,C,41,C,81,A,40,C,Agriculture,98,A,Art,62,B,Media,63,B,516,57.33,B
STU1087,55,B,58,B,65,B,43,C,75,A,35,C,Commerce,79,A,Art,41,C,Home_Science,36,C,487,54.11,C
STU1088,45,C,74,B,22,F,61,B,92,A,55,B,Agriculture,59,B,Sinhala_Lit,54,C,Media,79,A,541,60.11,B
STU1089,70,B,60,B,90,A,79,A,67,B,60,B,Agriculture,77,A,Dance,67,B,Home_Science,26,F,596,66.22,B
STU1090,65,B,69,B,96,A,94,A,56,B,76,A,Commerce,44,C,English_Lit,78,A,Home_Science,50,C,628,69.78,B
STU1091,75,A,94,A,91,A,55,B,65,B,80,A,Commerce,47,C,Art,96,A,ICT,71,B,674,74.89,B
STU1092,62,B,24,F,66,B,88,A,63,B,79,A,Commerce,42,C,Dance,5,F,Health,64,B,493,54.78,C
STU1093,69,B,68,B,35,C,57,B,82,A,59,B,Commerce,83,A,Art,23,F,ICT,10,F,486,54,C
STU1094,87,A,87,A,100,A,66,B,51,C,72,B,Agriculture,84,A,Art,83,A,Health,42,C,672,74.67,B
STU1095,71,B,78,A,100,A,82,A,75,A,46,C,Commerce,60,B,Dance,73,B,ICT,59,B,644,71.56,B
STU1096,94,A,69,B,21,F,99,A,45,C,92,A,Commerce,15,F,Drama,65,B,Health,55,B,555,61.67,B
STU1097,64,B,68,B,54,C,65,B,61,B,81,A,Commerce,9,F,Music,52,C,Health,74,B,528,58.67,B
STU1098,11,F,63,B,91,A,62,B,79,A,54,C,Commerce,96,A,Sinhala_Lit,73,B,Media,7,F,536,59.56,B
STU1099,91,A,74,B,74,B,58,B,57,B,38,C,Commerce,71,B,English_Lit,48,C,ICT,57,B,568,63.11,B
STU1100,63,B,64,B,66,B,97,A,46,C,61,B,Agriculture,66,B,Music,59,B,Media,13,F,535,59.44,B
STU1101,49,C,64,B,42,C,48,C,55,B,10,F,Agriculture,36,C,Dance,68,B,ICT,66,B,438,48.67,C
STU1102,100,A,41,C,25,F,37,C,92,A,82,A,Commerce,43,C,Music,67,B,Media,88,A,575,63.89,B
STU1103,82,A,79,A,72,B,100,A,40,C,72,B,Agriculture,68,B,Drama,86,A,Media,59,B,658,73.11,B
STU1104,36,C,34,F,100,A,96,A,63,B,55,B,Commerce,60,B,Art,90,A,Media,48,C,582,64.67,B
STU1105,94,A,23,F,37,C,54,C,74,B,51,C,Commerce,49,C,English_Lit,98,A,ICT,85,A,565,62.78,B
STU1106,97,A,74,B,84,A,76,A,42,C,50,C,Agriculture,85,A,Art,81,A,ICT,55,B,644,71.56,B
STU1107,76,A,71,B,60,B,51,C,71,B,58,B,Agriculture,50,C,Drama,50,C,Health,41,C,528,58.67,B
STU1108,55,B,72,B,13,F,48,C,59,B,76,A,Commerce,63,B,Drama,60,B,ICT,83,A,529,58.78,B
STU1109,73,B,81,A,88,A,58,B,76,A,70,B,Commerce,96,A,Sinhala_Lit,70,B,Health,30,F,642,71.33,B
STU1110,45,C,70,B,77,A,62,B,41,C,34,F,Agriculture,58,B,Dance,76,A,Health,6,F,469,52.11,C
STU1111,69,B,80,A,48,C,37,C,85,A,92,A,Commerce,59,B,English_Lit,83,A,Health,64,B,617,68.56,B
STU1112,53,C,56,B,81,A,38,C,70,B,86,A,Agriculture,93,A,Music,82,A,Health,6,F,565,62.78,B
STU1113,56,B,61,B,6,F,75,A,3,F,39,C,Commerce,74,B,Sinhala_Lit,80,A,Health,67,B,461,51.22,C
STU1114,44,C,61,B,62,B,93,A,57,B,92,A,Agriculture,43,C,Drama,63,B,Health,99,A,614,68.22,B
STU1115,94,A,69,B,59,B,50,C,41,C,0,F,Commerce,87,A,Music,95,A,Media,80,A,575,63.89,B
STU1116,44,C,40,C,3,F,51,C,74,B,90,A,Agriculture,83,A,Dance,75,A,Media,56,B,516,57.33,B
STU1117,72,B,57,B,44,C,74,B,23,F,95,A,Agriculture,51,C,Sinhala_Lit,90,A,Home_Science,94,A,600,66.67,B
STU1118,58,B,7,F,65,B,92,A,27,F,68,B,Commerce,92,A,Dance,75,A,Media,94,A,578,64.22,B
STU1119,44,C,91,A,72,B,75,A,78,A,48,C,Commerce,40,C,Art,71,B,ICT,58,B,577,64.11,B
STU1120,61,B,25,F,55,B,48,C,86,A,57,B,Agriculture,77,A,Drama,72,B,Home_Science,83,A,564,62.67,B
STU1121,54,C,97,A,72,B,45,C,36,C,51,C,Commerce,63,B,English_Lit,96,A,Health,66,B,580,64.44,B
STU1122,98,A,99,A,77,A,100,A,88,A,45,C,Agriculture,56,B,Sinhala_Lit,37,C,ICT,16,F,616,68.44,B
STU1123,69,B,98,A,77,A,50,C,95,A,37,C,Commerce,53,C,Dance,65,B,Home_Science,26,F,570,63.33,B
STU1124,87,A,98,A,84,A,67,B,69,B,58,B,Commerce,13,F,Art,95,A,Media,47,C,618,68.67,B
STU1125,89,A,83,A,55,B,52,C,97,A,82,A,Agriculture,85,A,Music,50,C,Health,47,C,640,71.11,B
STU1126,42,C,55,B,77,A,29,F,9,F,62,B,Commerce,44,C,Dance,46,C,Health,59,B,423,47,C
STU1127,64,B,39,C,85,A,87,A,72,B,93,A,Commerce,82,A,Music,56,B,ICT,74,B,652,72.44,B
STU1128,53,C,74,B,78,A,49,C,70,B,42,C,Commerce,50,C,Sinhala_Lit,69,B,Home_Science,16,F,501,55.67,B
STU1129,94,A,61,B,3,F,43,C,90,A,36,C,Agriculture,13,F,Sinhala_Lit,57,B,Media,61,B,458,50.89,C
STU1130,90,A,58,B,30,F,71,B,88,A,12,F,Agriculture,74,B,Art,50,C,Media,50,C,523,58.11,B
STU1131,71,B,77,A,37,C,88,A,46,C,40,C,Agriculture,58,B,Drama,38,C,ICT,57,B,512,56.89,B
STU1132,11,F,66,B,84,A,61,B,92,A,83,A,Agriculture,45,C,Music,26,F,ICT,62,B,530,58.89,B
STU1133,72,B,69,B,6,F,91,A,50,C,71,B,Agriculture,73,B,Drama,98,A,Media,38,C,568,63.11,B
STU1134,68,B,64,B,41,C,48,C,13,F,73,B,Agriculture,41,C,Dance,44,C,ICT,80,A,472,52.44,C
STU1135,64,B,89,A,55,B,86,A,83,A,13,F,Commerce,82,A,Sinhala_Lit,7,F,Media,12,F,491,54.56,C
STU1136,49,C,79,A,61,B,69,B,77,A,62,B,Commerce,42,C,Music,43,C,Health,74,B,556,61.78,B
STU1137,100,A,98,A,21,F,39,C,45,C,79,A,Agriculture,65,B,Art,95,A,Media,90,A,632,70.22,B
STU1138,56,B,89,A,91,A,59,B,72,B,11,F,Agriculture,70,B,Drama,61,B,Health,69,B,578,64.22,B
STU1139,50,C,53,C,40,C,77,A,0,F,47,C,Commerce,21,F,Drama,57,B,Home_Science,99,A,444,49.33,C
STU1140,66,B,67,B,67,B,38,C,50,C,91,A,Commerce,91,A,Drama,69,B,Health,89,A,628,69.78,B
STU1141,90,A,35,C,74,B,38,C,52,C,64,B,Agriculture,56,B,Drama,96,A,Media,72,B,577,64.11,B
STU1142,70,B,29,F,39,C,34,F,74,B,73,B,Commerce,47,C,English_Lit,60,B,Health,14,F,440,48.89,C
STU1143,50,C,49,C,91,A,69,B,96,A,78,A,Commerce,99,A,English_Lit,56,B,ICT,93,A,681,75.67,A
STU1144,64,B,60,B,57,B,58,B,56,B,74,B,Commerce,78,A,Drama,69,B,ICT,79,A,595,66.11,B
STU1145,66,B,49,C,6,F,63,B,47,C,42,C,Commerce,68,B,Dance,49,C,Home_Science,96,A,486,54,C
STU1146,3,F,71,B,80,A,61,B,78,A,74,B,Agriculture,42,C,Drama,72,B,Health,74,B,555,61.67,B
STU1147,55,B,71,B,71,B,42,C,10,F,42,C,Commerce,69,B,Dance,97,A,ICT,63,B,520,57.78,B
STU1148,86,A,75,A,96,A,59,B,39,C,65,B,Agriculture,45,C,Music,65,B,Home_Science,96,A,626,69.56,B
STU1149,46,C,71,B,51,C,74,B,14,F,37,C,Agriculture,48,C,English_Lit,72,B,Home_Science,69,B,482,53.56,C
STU1150,73,B,69,B,73,B,50,C,94,A,96,A,Commerce,38,C,Art,70,B,Home_Science,80,A,643,71.44,B
STU1151,83,A,80,A,38,C,59,B,30,F,65,B,Commerce,91,A,English_Lit,48,C,ICT,72,B,566,62.89,B
STU1152,58,B,77,A,72,B,14,F,73,B,68,B,Commerce,6,F,English_Lit,56,B,Health,31,F,455,50.56,C
STU1153,77,A,70,B,75,A,71,B,72,B,43,C,Agriculture,33,F,Art,69,B,Home_Science,84,A,594,66,B
STU1154,59,B,94,A,37,C,73,B,75,A,54,C,Agriculture,59,B,English_Lit,59,B,Home_Science,65,B,575,63.89,B
STU1155,99,A,79,A,47,C,38,C,95,A,40,C,Commerce,4,F,Dance,69,B,Health,68,B,539,59.89,B
STU1156,71,B,91,A,57,B,20,F,60,B,51,C,Agriculture,67,B,Music,69,B,Media,84,A,570,63.33,B
STU1157,75,A,57,B,45,C,7,F,73,B,83,A,Agriculture,23,F,Dance,8,F,ICT,57,B,428,47.56,C
STU1158,62,B,76,A,35,C,97,A,76,A,75,A,Commerce,32,F,Dance,66,B,ICT,80,A,599,66.56,B
STU1159,63,B,78,A,70,B,68,B,74,B,68,B,Commerce,62,B,Dance,97,A,Home_Science,54,C,634,70.44,B
STU1160,66,B,93,A,67,B,35,C,67,B,97,A,Commerce,68,B,English_Lit,28,F,Media,50,C,571,63.44,B
STU1161,100,A,78,A,72,B,71,B,94,A,80,A,Commerce,83,A,English_Lit,67,B,ICT,57,B,702,78,A
STU1162,99,A,59,B,98,A,52,C,38,C,35,C,Commerce,76,A,English_Lit,81,A,Home_Science,42,C,580,64.44,B
STU1163,94,A,86,A,61,B,85,A,46,C,66,B,Commerce,74,B,Dance,42,C,ICT,93,A,647,71.89,B
STU1164,51,C,65,B,37,C,41,C,85,A,55,B,Commerce,60,B,Music,89,A,Health,72,B,555,61.67,B
STU1165,71,B,67,B,81,A,17,F,45,C,19,F,Commerce,70,B,Drama,39,C,Health,41,C,450,50,C
STU1166,93,A,53,C,39,C,58,B,70,B,91,A,Agriculture,65,B,Music,63,B,Media,85,A,617,68.56,B
STU1167,63,B,51,C,99,A,32,F,40,C,38,C,Agriculture,59,B,Sinhala_Lit,47,C,Home_Science,38,C,467,51.89,C
STU1168,76,A,81,A,91,A,40,C,59,B,67,B,Agriculture,48,C,Dance,56,B,Media,36,C,554,61.56,B
STU1169,65,B,80,A,91,A,49,C,69,B,97,A,Agriculture,74,B,Drama,25,F,Health,71,B,621,69,B
STU1170,88,A,88,A,58,B,46,C,52,C,49,C,Commerce,86,A,Dance,76,A,ICT,76,A,619,68.78,B
STU1171,62,B,50,C,37,C,45,C,60,B,32,F,Commerce,74,B,Drama,44,C,Media,56,B,460,51.11,C
STU1172,83,A,67,B,36,C,64,B,59,B,72,B,Commerce,100,A,English_Lit,54,C,Media,43,C,578,64.22,B
STU1173,96,A,72,B,58,B,56,B,61,B,88,A,Commerce,85,A,Drama,66,B,Home_Science,41,C,623,69.22,B
STU1174,60,B,54,C,52,C,38,C,86,A,52,C,Commerce,62,B,Drama,73,B,Health,100,A,577,64.11,B
STU1175,46,C,72,B,89,A,54,C,55,B,47,C,Commerce,95,A,Art,45,C,Home_Science,46,C,549,61,B
STU1176,77,A,22,F,83,A,64,B,47,C,14,F,Commerce,54,C,Dance,37,C,Home_Science,70,B,468,52,C
STU1177,94,A,74,B,57,B,59,B,53,C,34,F,Agriculture,17,F,English_Lit,92,A,Home_Science,42,C,522,58,B
STU1178,99,A,35,C,40,C,11,F,57,B,56,B,Commerce,41,C,Drama,2,F,ICT,69,B,410,45.56,C
STU1179,42,C,50,C,94,A,66,B,96,A,50,C,Agriculture,61,B,English_Lit,86,A,Home_Science,59,B,604,67.11,B
STU1180,17,F,55,B,66,B,86,A,79,A,87,A,Agriculture,88,A,Art,76,A,ICT,9,F,563,62.56,B
STU1181,74,B,82,A,96,A,37,C,73,B,35,C,Agriculture,39,C,Drama,40,C,Health,56,B,532,59.11,B
STU1182,63,B,45,C,61,B,99,A,96,A,79,A,Agriculture,23,F,Art,64,B,Health,88,A,618,68.67,B
STU1183,59,B,76,A,0,F,49,C,78,A,4,F,Commerce,66,B,Dance,70,B,ICT,12,F,414,46,C
STU1184,31,F,36,C,99,A,84,A,94,A,43,C,Commerce,56,B,Music,86,A,ICT,87,A,616,68.44,B
STU1185,72,B,94,A,62,B,59,B,12,F,97,A,Agriculture,66,B,Dance,13,F,Home_Science,59,B,534,59.33,B
STU1186,74,B,71,B,71,B,35,C,57,B,50,C,Agriculture,85,A,Art,56,B,Home_Science,89,A,588,65.33,B
STU1187,73,B,70,B,66,B,75,A,66,B,47,C,Agriculture,66,B,Music,44,C,ICT,71,B,578,64.22,B
STU1188,66,B,35,C,88,A,65,B,71,B,69,B,Agriculture,94,A,Art,93,A,Media,82,A,663,73.67,B
STU1189,73,B,59,B,41,C,96,A,57,B,51,C,Commerce,26,F,Sinhala_Lit,71,B,Media,65,B,539,59.89,B
STU1190,59,B,35,C,73,B,66,B,77,A,37,C,Agriculture,42,C,Art,93,A,Health,78,A,560,62.22,B
STU1191,70,B,29,F,46,C,62,B,61,B,73,B,Commerce,79,A,Drama,59,B,Media,5,F,484,53.78,C
STU1192,87,A,29,F,94,A,35,C,100,A,77,A,Agriculture,78,A,Dance,6,F,ICT,54,C,560,62.22,B
STU1193,13,F,14,F,70,B,44,C,44,C,73,B,Agriculture,68,B,English_Lit,67,B,ICT,41,C,434,48.22,C
STU1194,81,A,72,B,64,B,59,B,64,B,88,A,Commerce,36,C,Art,56,B,Media,24,F,544,60.44,B
STU1195,55,B,62,B,70,B,77,A,72,B,99,A,Agriculture,60,B,Music,73,B,Health,48,C,616,68.44,B
STU1196,35,C,75,A,94,A,64,B,75,A,85,A,Commerce,96,A,Sinhala_Lit,96,A,Health,65,B,685,76.11,A
STU1197,42,C,95,A,93,A,73,B,54,C,47,C,Commerce,16,F,Art,66,B,Media,9,F,495,55,B
STU1198,92,A,47,C,51,C,64,B,67,B,78,A,Agriculture,95,A,Dance,41,C,Media,63,B,598,66.44,B
STU1199,52,C,61,B,17,F,46,C,49,C,84,A,Commerce,69,B,Music,28,F,Home_Science,22,F,428,47.56,C
STU1200,84,A,71,B,85,A,73,B,95,A,64,B,Commerce,70,B,Dance,98,A,ICT,86,A,726,80.67,A
STU1201,75,A,59,B,63,B,91,A,89,A,96,A,Agriculture,14,F,Music,65,B,ICT,82,A,634,70.44,B
STU1202,66,B,56,B,75,A,7,F,68,B,82,A,Agriculture,80,A,English_Lit,40,C,Home_Science,50,C,524,58.22,B
STU1203,24,F,98,A,44,C,76,A,94,A,35,C,Commerce,67,B,English_Lit,57,B,Health,67,B,562,62.44,B
STU1204,71,B,59,B,37,C,35,C,68,B,67,B,Agriculture,81,A,Music,67,B,Media,79,A,564,62.67,B
STU1205,85,A,74,B,38,C,59,B,36,C,71,B,Agriculture,90,A,Drama,39,C,Home_Science,81,A,573,63.67,B
STU1206,74,B,92,A,58,B,91,A,5,F,44,C,Commerce,61,B,Music,50,C,Home_Science,100,A,575,63.89,B
STU1207,90,A,35,C,48,C,48,C,48,C,40,C,Commerce,51,C,Art,63,B,Health,68,B,491,54.56,C
STU1208,66,B,99,A,51,C,95,A,72,B,22,F,Commerce,79,A,Art,88,A,Media,63,B,635,70.56,B
STU1209,50,C,60,B,71,B,57,B,87,A,93,A,Commerce,71,B,Sinhala_Lit,46,C,Health,62,B,597,66.33,B
STU1210,37,C,66,B,80,A,46,C,40,C,67,B,Commerce,61,B,Art,59,B,Media,64,B,520,57.78,B
STU1211,55,B,6,F,82,A,45,C,58,B,16,F,Agriculture,97,A,English_Lit,32,F,ICT,14,F,405,45,C
STU1212,84,A,63,B,48,C,10,F,56,B,23,F,Agriculture,49,C,English_Lit,39,C,Health,61,B,433,48.11,C
STU1213,80,A,80,A,63,B,76,A,85,A,75,A,Commerce,21,F,Sinhala_Lit,85,A,Media,69,B,634,70.44,B
STU1214,71,B,98,A,86,A,49,C,71,B,44,C,Commerce,54,C,Dance,53,C,Health,49,C,575,63.89,B
STU1215,76,A,52,C,86,A,62,B,47,C,38,C,Agriculture,81,A,English_Lit,69,B,ICT,65,B,576,64,B
STU1216,60,B,59,B,55,B,78,A,96,A,98,A,Commerce,39,C,Dance,68,B,Home_Science,84,A,637,70.78,B
STU1217,23,F,93,A,41,C,92,A,45,C,83,A,Agriculture,47,C,Art,15,F,Home_Science,97,A,536,59.56,B
STU1218,78,A,59,B,42,C,88,A,57,B,89,A,Commerce,85,A,Sinhala_Lit,95,A,Home_Science,41,C,634,70.44,B
STU1219,84,A,95,A,58,B,35,C,44,C,49,C,Agriculture,58,B,Dance,86,A,ICT,96,A,605,67.22,B
STU1220,44,C,39,C,40,C,89,A,36,C,63,B,Agriculture,58,B,Sinhala_Lit,40,C,Health,21,F,430,47.78,C
STU1221,41,C,100,A,60,B,76,A,19,F,50,C,Agriculture,79,A,Sinhala_Lit,66,B,ICT,64,B,555,61.67,B
STU1222,63,B,58,B,65,B,51,C,62,B,36,C,Agriculture,34,F,English_Lit,53,C,Home_Science,75,A,497,55.22,B
STU1223,41,C,2,F,63,B,63,B,60,B,56,B,Commerce,88,A,Drama,91,A,Health,79,A,543,60.33,B
STU1224,97,A,67,B,61,B,47,C,37,C,63,B,Agriculture,71,B,Music,37,C,Media,78,A,558,62,B
STU1225,98,A,57,B,83,A,53,C,61,B,58,B,Agriculture,59,B,Drama,83,A,ICT,73,B,625,69.44,B
STU1226,49,C,58,B,41,C,65,B,68,B,54,C,Agriculture,74,B,Drama,48,C,Home_Science,99,A,556,61.78,B
STU1227,65,B,54,C,42,C,47,C,74,B,35,C,Agriculture,38,C,Music,63,B,Media,65,B,483,53.67,C
STU1228,90,A,49,C,69,B,65,B,94,A,73,B,Agriculture,38,C,Sinhala_Lit,61,B,Health,89,A,628,69.78,B
STU1229,24,F,46,C,38,C,56,B,93,A,35,C,Agriculture,56,B,Art,91,A,Media,70,B,509,56.56,B
STU1230,69,B,61,B,67,B,78,A,34,F,1,F,Agriculture,87,A,Dance,81,A,Health,79,A,557,61.89,B
STU1231,68,B,13,F,38,C,93,A,79,A,61,B,Agriculture,97,A,Art,75,A,ICT,6,F,530,58.89,B
STU1232,67,B,70,B,63,B,36,C,12,F,77,A,Agriculture,77,A,Dance,66,B,Home_Science,93,A,561,62.33,B
STU1233,95,A,62,B,55,B,72,B,45,C,53,C,Agriculture,1,F,Drama,77,A,Home_Science,66,B,526,58.44,B
STU1234,94,A,83,A,95,A,5,F,86,A,47,C,Commerce,62,B,Art,62,B,Health,75,A,609,67.67,B
STU1235,67,B,65,B,100,A,4,F,56,B,65,B,Commerce,41,C,English_Lit,22,F,Health,80,A,500,55.56,B
STU1236,75,A,92,A,22,F,99,A,21,F,73,B,Commerce,91,A,Art,38,C,Media,71,B,582,64.67,B
STU1237,54,C,64,B,50,C,31,F,84,A,49,C,Agriculture,69,B,Drama,81,A,Health,68,B,550,61.11,B
STU1238,72,B,36,C,45,C,59,B,45,C,33,F,Agriculture,65,B,Art,55,B,ICT,60,B,470,52.22,C
STU1239,63,B,73,B,78,A,40,C,82,A,45,C,Agriculture,41,C,Music,60,B,Home_Science,60,B,542,60.22,B
STU1240,39,C,80,A,76,A,39,C,45,C,72,B,Commerce,73,B,Sinhala_Lit,97,A,Media,79,A,600,66.67,B
STU1241,70,B,79,A,93,A,90,A,36,C,95,A,Agriculture,90,A,Dance,2,F,Home_Science,34,F,589,65.44,B
STU1242,94,A,71,B,100,A,92,A,85,A,53,C,Agriculture,64,B,Art,68,B,ICT,16,F,643,71.44,B
STU1243,71,B,58,B,56,B,72,B,70,B,79,A,Commerce,70,B,Sinhala_Lit,67,B,Home_Science,47,C,590,65.56,B
STU1244,48,C,92,A,19,F,99,A,43,C,57,B,Commerce,75,A,Art,0,F,Home_Science,17,F,450,50,C
STU1245,57,B,8,F,85,A,37,C,57,B,75,A,Commerce,77,A,Drama,98,A,Home_Science,44,C,538,59.78,B
STU1246,81,A,93,A,42,C,94,A,63,B,43,C,Commerce,82,A,English_Lit,62,B,ICT,66,B,626,69.56,B
STU1247,28,F,83,A,67,B,87,A,72,B,3,F,Commerce,50,C,Drama,44,C,Media,88,A,522,58,B
STU1248,27,F,48,C,56,B,12,F,89,A,55,B,Commerce,42,C,Dance,39,C,Home_Science,0,F,368,40.89,C
STU1249,50,C,65,B,98,A,49,C,60,B,54,C,Commerce,37,C,Drama,69,B,Media,31,F,513,57,B
STU1250,100,A,61,B,56,B,49,C,41,C,41,C,Agriculture,71,B,Dance,98,A,Health,65,B,582,64.67,B
STU1251,99,A,78,A,2,F,43,C,60,B,89,A,Commerce,58,B,English_Lit,76,A,Media,45,C,550,61.11,B
STU1252,51,C,66,B,19,F,76,A,77,A,84,A,Agriculture,85,A,Art,49,C,ICT,82,A,589,65.44,B
STU1253,45,C,66,B,59,B,75,A,63,B,24,F,Commerce,44,C,Drama,52,C,Media,84,A,512,56.89,B
STU1254,59,B,61,B,87,A,37,C,87,A,55,B,Commerce,15,F,Drama,36,C,ICT,45,C,482,53.56,C
STU1255,72,B,83,A,60,B,78,A,39,C,40,C,Agriculture,40,C,English_Lit,73,B,Home_Science,90,A,575,63.89,B
STU1256,39,C,59,B,55,B,69,B,56,B,94,A,Agriculture,37,C,Sinhala_Lit,61,B,Health,43,C,513,57,B
STU1257,73,B,61,B,50,C,46,C,46,C,50,C,Commerce,16,F,Drama,67,B,Health,96,A,505,56.11,B
STU1258,1,F,17,F,56,B,93,A,34,F,73,B,Commerce,55,B,Sinhala_Lit,59,B,ICT,95,A,483,53.67,C
STU1259,57,B,51,C,83,A,60,B,45,C,45,C,Commerce,95,A,Dance,94,A,Home_Science,70,B,600,66.67,B
STU1260,100,A,68,B,69,B,49,C,29,F,24,F,Agriculture,89,A,Music,49,C,Media,29,F,506,56.22,B
STU1261,86,A,35,C,93,A,68,B,60,B,67,B,Commerce,43,C,Sinhala_Lit,48,C,Health,14,F,514,57.11,B
STU1262,13,F,80,A,77,A,45,C,70,B,88,A,Agriculture,41,C,Drama,37,C,Home_Science,75,A,526,58.44,B
STU1263,42,C,98,A,60,B,50,C,35,C,35,C,Commerce,35,C,Drama,93,A,Media,55,B,503,55.89,B
STU1264,61,B,37,C,44,C,95,A,100,A,55,B,Agriculture,74,B,Art,74,B,Health,41,C,581,64.56,B
STU1265,9,F,92,A,72,B,88,A,64,B,51,C,Commerce,50,C,Sinhala_Lit,37,C,ICT,31,F,494,54.89,C
STU1266,58,B,69,B,66,B,77,A,49,C,84,A,Agriculture,77,A,Drama,63,B,ICT,38,C,581,64.56,B
STU1267,65,B,54,C,63,B,44,C,67,B,84,A,Agriculture,71,B,Sinhala_Lit,76,A,Home_Science,79,A,603,67,B
STU1268,81,A,84,A,93,A,64,B,71,B,70,B,Commerce,74,B,Sinhala_Lit,95,A,Health,89,A,721,80.11,A
STU1269,19,F,73,B,14,F,47,C,88,A,6,F,Commerce,67,B,Sinhala_Lit,68,B,Home_Science,62,B,444,49.33,C
STU1270,57,B,77,A,58,B,55,B,38,C,36,C,Commerce,13,F,Music,89,A,Health,66,B,489,54.33,C
STU1271,71,B,68,B,70,B,66,B,70,B,98,A,Agriculture,88,A,Art,74,B,Media,79,A,684,76,A
STU1272,57,B,65,B,63,B,98,A,56,B,55,B,Commerce,83,A,Sinhala_Lit,71,B,Home_Science,46,C,594,66,B
STU1273,98,A,52,C,51,C,71,B,41,C,55,B,Commerce,57,B,Dance,50,C,Home_Science,83,A,558,62,B
STU1274,49,C,80,A,60,B,38,C,55,B,65,B,Agriculture,76,A,English_Lit,26,F,Health,88,A,537,59.67,B
STU1275,10,F,37,C,60,B,98,A,68,B,39,C,Agriculture,71,B,Dance,65,B,ICT,36,C,484,53.78,C
STU1276,44,C,55,B,41,C,61,B,62,B,67,B,Agriculture,64,B,Music,35,C,Media,45,C,474,52.67,C
STU1277,79,A,66,B,92,A,71,B,66,B,70,B,Agriculture,94,A,Drama,92,A,ICT,25,F,655,72.78,B
STU1278,44,C,67,B,39,C,57,B,66,B,100,A,Commerce,51,C,English_Lit,80,A,ICT,60,B,564,62.67,B
STU1279,63,B,85,A,59,B,97,A,75,A,63,B,Commerce,74,B,Music,60,B,Home_Science,86,A,662,73.56,B
STU1280,82,A,84,A,62,B,63,B,43,C,94,A,Commerce,36,C,Music,50,C,ICT,75,A,589,65.44,B
STU1281,43,C,74,B,86,A,50,C,18,F,93,A,Commerce,86,A,Art,61,B,ICT,71,B,582,64.67,B
STU1282,68,B,36,C,63,B,45,C,76,A,69,B,Commerce,38,C,Music,75,A,ICT,91,A,561,62.33,B
STU1283,36,C,75,A,87,A,75,A,44,C,13,F,Agriculture,2,F,Art,18,F,Home_Science,63,B,413,45.89,C
STU1284,89,A,58,B,99,A,37,C,40,C,81,A,Commerce,73,B,Music,79,A,Media,52,C,608,67.56,B
STU1285,44,C,49,C,88,A,70,B,68,B,84,A,Commerce,56,B,Music,47,C,Home_Science,88,A,594,66,B
STU1286,74,B,50,C,59,B,60,B,56,B,95,A,Commerce,46,C,Music,62,B,Home_Science,59,B,561,62.33,B
STU1287,75,A,64,B,60,B,91,A,38,C,46,C,Commerce,67,B,English_Lit,58,B,ICT,58,B,557,61.89,B
STU1288,7,F,81,A,33,F,44,C,31,F,74,B,Agriculture,89,A,Dance,86,A,ICT,74,B,519,57.67,B
STU1289,84,A,92,A,55,B,77,A,81,A,38,C,Commerce,77,A,English_Lit,50,C,Health,61,B,615,68.33,B
STU1290,75,A,29,F,16,F,47,C,94,A,35,C,Commerce,46,C,Sinhala_Lit,70,B,Health,75,A,487,54.11,C
STU1291,55,B,93,A,3,F,38,C,90,A,72,B,Commerce,40,C,Art,45,C,Health,64,B,500,55.56,B
STU1292,71,B,45,C,84,A,67,B,63,B,96,A,Commerce,72,B,Dance,99,A,Media,62,B,659,73.22,B
STU1293,21,F,89,A,49,C,85,A,19,F,64,B,Agriculture,18,F,Art,80,A,Home_Science,79,A,504,56,B
STU1294,59,B,79,A,63,B,71,B,80,A,97,A,Commerce,71,B,Art,62,B,Home_Science,95,A,677,75.22,A
STU1295,63,B,71,B,80,A,46,C,55,B,82,A,Commerce,65,B,Music,94,A,Media,69,B,625,69.44,B
STU1296,56,B,71,B,68,B,75,A,2,F,5,F,Agriculture,90,A,Art,5,F,Health,58,B,430,47.78,C
STU1297,75,A,55,B,85,A,66,B,47,C,61,B,Agriculture,69,B,Music,1,F,Health,27,F,486,54,C
STU1298,50,C,58,B,9,F,71,B,48,C,55,B,Agriculture,75,A,Art,49,C,Health,58,B,473,52.56,C
STU1299,50,C,98,A,43,C,24,F,89,A,11,F,Agriculture,41,C,Sinhala_Lit,21,F,Home_Science,79,A,456,50.67,C
STU1300,94,A,5,F,72,B,56,B,67,B,58,B,Agriculture,55,B,Dance,50,C,Home_Science,64,B,521,57.89,B
STU1301,74,B,68,B,92,A,95,A,0,F,71,B,Agriculture,0,F,English_Lit,49,C,Media,82,A,531,59,B
STU1302,0,F,35,C,46,C,93,A,54,C,40,C,Commerce,87,A,Drama,41,C,Home_Science,0,F,396,44,C
STU1303,57,B,55,B,66,B,68,B,48,C,84,A,Commerce,40,C,English_Lit,44,C,Health,89,A,551,61.22,B
STU1304,68,B,14,F,22,F,46,C,62,B,56,B,Commerce,48,C,Art,41,C,ICT,60,B,417,46.33,C
STU1305,91,A,86,A,20,F,88,A,59,B,77,A,Commerce,49,C,Sinhala_Lit,4,F,ICT,90,A,564,62.67,B
STU1306,82,A,95,A,67,B,83,A,58,B,38,C,Commerce,73,B,Art,66,B,Health,67,B,629,69.89,B
STU1307,60,B,82,A,83,A,47,C,75,A,82,A,Agriculture,35,C,Sinhala_Lit,51,C,Home_Science,56,B,571,63.44,B
STU1308,95,A,41,C,74,B,49,C,95,A,73,B,Commerce,58,B,Sinhala_Lit,60,B,ICT,38,C,583,64.78,B
STU1309,88,A,71,B,86,A,39,C,98,A,27,F,Commerce,31,F,Drama,81,A,ICT,87,A,608,67.56,B
STU1310,38,C,55,B,94,A,4,F,40,C,55,B,Agriculture,48,C,English_Lit,70,B,ICT,64,B,468,52,C
STU1311,66,B,51,C,87,A,73,B,95,A,36,C,Agriculture,68,B,Dance,100,A,Home_Science,63,B,639,71,B
STU1312,36,C,75,A,87,A,21,F,99,A,88,A,Agriculture,48,C,Sinhala_Lit,35,C,ICT,23,F,512,56.89,B
STU1313,67,B,82,A,99,A,29,F,77,A,64,B,Commerce,70,B,Art,49,C,Health,97,A,634,70.44,B
STU1314,66,B,38,C,29,F,38,C,89,A,48,C,Agriculture,76,A,Sinhala_Lit,65,B,ICT,80,A,529,58.78,B
STU1315,93,A,49,C,23,F,92,A,90,A,28,F,Agriculture,87,A,Drama,47,C,ICT,91,A,600,66.67,B
STU1316,36,C,76,A,63,B,78,A,98,A,73,B,Agriculture,92,A,Art,42,C,Media,81,A,639,71,B
STU1317,80,A,12,F,70,B,10,F,93,A,58,B,Agriculture,68,B,Dance,63,B,Media,64,B,518,57.56,B
STU1318,74,B,58,B,41,C,78,A,35,C,67,B,Agriculture,21,F,Dance,56,B,Health,36,C,466,51.78,C
STU1319,48,C,66,B,36,C,67,B,90,A,8,F,Agriculture,60,B,Sinhala_Lit,62,B,Media,58,B,495,55,B
STU1320,93,A,49,C,74,B,94,A,98,A,10,F,Commerce,75,A,English_Lit,84,A,Health,29,F,606,67.33,B
STU1321,71,B,57,B,5,F,26,F,49,C,23,F,Commerce,38,C,Sinhala_Lit,75,A,Media,16,F,360,40,C
STU1322,69,B,36,C,68,B,47,C,73,B,99,A,Agriculture,43,C,Art,69,B,Health,100,A,604,67.11,B
STU1323,49,C,54,C,50,C,64,B,57,B,68,B,Agriculture,16,F,Drama,69,B,ICT,75,A,502,55.78,B
STU1324,20,F,89,A,89,A,86,A,63,B,66,B,Commerce,60,B,Art,67,B,Media,97,A,637,70.78,B
STU1325,35,C,62,B,75,A,90,A,86,A,63,B,Agriculture,94,A,Dance,15,F,ICT,56,B,576,64,B
STU1326,88,A,87,A,18,F,78,A,69,B,58,B,Commerce,98,A,Sinhala_Lit,19,F,Health,97,A,612,68,B
STU1327,35,C,77,A,84,A,88,A,84,A,87,A,Commerce,13,F,Drama,48,C,Health,91,A,607,67.44,B
STU1328,17,F,50,C,55,B,74,B,51,C,52,C,Commerce,62,B,English_Lit,71,B,ICT,84,A,516,57.33,B
STU1329,71,B,24,F,95,A,48,C,69,B,62,B,Commerce,17,F,Dance,85,A,ICT,89,A,560,62.22,B
STU1330,42,C,64,B,70,B,46,C,60,B,67,B,Agriculture,63,B,Sinhala_Lit,93,A,Home_Science,84,A,589,65.44,B
STU1331,97,A,67,B,49,C,34,F,6,F,38,C,Commerce,42,C,Dance,86,A,Home_Science,90,A,509,56.56,B
STU1332,77,A,68,B,69,B,67,B,91,A,62,B,Commerce,90,A,English_Lit,93,A,Home_Science,74,B,691,76.78,A
STU1333,78,A,82,A,70,B,26,F,73,B,45,C,Commerce,56,B,Music,56,B,Media,82,A,568,63.11,B
STU1334,1,F,37,C,94,A,58,B,82,A,60,B,Commerce,35,C,Music,100,A,Health,0,F,467,51.89,C
STU1335,95,A,100,A,51,C,46,C,89,A,98,A,Commerce,48,C,English_Lit,63,B,Home_Science,21,F,611,67.89,B
STU1336,46,C,53,C,25,F,60,B,68,B,88,A,Commerce,87,A,English_Lit,70,B,ICT,60,B,557,61.89,B
STU1337,78,A,73,B,7,F,32,F,77,A,53,C,Agriculture,46,C,English_Lit,55,B,ICT,43,C,464,51.56,C
STU1338,84,A,58,B,91,A,86,A,71,B,61,B,Commerce,58,B,Art,72,B,Home_Science,68,B,649,72.11,B
STU1339,15,F,80,A,59,B,82,A,36,C,67,B,Agriculture,94,A,English_Lit,62,B,ICT,11,F,506,56.22,B
STU1340,45,C,77,A,100,A,76,A,62,B,61,B,Agriculture,43,C,English_Lit,3,F,ICT,54,C,521,57.89,B
STU1341,52,C,1,F,64,B,85,A,35,C,37,C,Commerce,46,C,English_Lit,36,C,Health,34,F,390,43.33,C
STU1342,82,A,54,C,90,A,8,F,95,A,17,F,Commerce,89,A,Drama,73,B,Home_Science,35,C,543,60.33,B
STU1343,71,B,68,B,74,B,84,A,65,B,68,B,Commerce,96,A,English_Lit,78,A,Media,68,B,672,74.67,B
STU1344,50,C,74,B,68,B,90,A,65,B,51,C,Commerce,6,F,Dance,55,B,Media,61,B,520,57.78,B
STU1345,32,F,83,A,87,A,67,B,19,F,71,B,Agriculture,80,A,Dance,81,A,Media,50,C,570,63.33,B
STU1346,83,A,89,A,43,C,69,B,49,C,62,B,Agriculture,60,B,English_Lit,64,B,Media,43,C,562,62.44,B
STU1347,30,F,53,C,77,A,56,B,96,A,33,F,Commerce,98,A,English_Lit,58,B,Media,88,A,589,65.44,B
STU1348,61,B,94,A,79,A,46,C,89,A,71,B,Agriculture,46,C,English_Lit,76,A,Media,100,A,662,73.56,B
STU1349,55,B,71,B,57,B,56,B,73,B,71,B,Agriculture,57,B,Sinhala_Lit,62,B,Health,64,B,566,62.89,B
STU1350,47,C,67,B,97,A,44,C,97,A,36,C,Commerce,50,C,Music,52,C,Media,42,C,532,59.11,B
STU1351,39,C,57,B,68,B,79,A,38,C,56,B,Commerce,23,F,Sinhala_Lit,44,C,Health,49,C,453,50.33,C
STU1352,44,C,48,C,59,B,78,A,54,C,97,A,Commerce,49,C,English_Lit,48,C,Media,37,C,514,57.11,B
STU1353,60,B,55,B,36,C,98,A,97,A,51,C,Agriculture,72,B,English_Lit,49,C,Media,86,A,604,67.11,B
STU1354,72,B,70,B,52,C,74,B,42,C,41,C,Agriculture,51,C,Sinhala_Lit,51,C,Home_Science,90,A,543,60.33,B
STU1355,74,B,97,A,46,C,77,A,80,A,43,C,Commerce,11,F,Art,60,B,Media,56,B,544,60.44,B
STU1356,22,F,97,A,92,A,63,B,43,C,32,F,Commerce,80,A,Art,57,B,Home_Science,49,C,535,59.44,B
STU1357,29,F,41,C,100,A,95,A,35,C,96,A,Commerce,27,F,Sinhala_Lit,36,C,Home_Science,64,B,523,58.11,B
STU1358,9,F,43,C,67,B,50,C,41,C,44,C,Commerce,62,B,Sinhala_Lit,58,B,Health,57,B,431,47.89,C
STU1359,55,B,99,A,28,F,80,A,78,A,46,C,Agriculture,57,B,Sinhala_Lit,51,C,ICT,69,B,563,62.56,B
STU1360,70,B,79,A,85,A,82,A,69,B,58,B,Agriculture,51,C,Drama,67,B,Health,74,B,635,70.56,B
STU1361,68,B,66,B,41,C,68,B,96,A,61,B,Agriculture,59,B,Dance,66,B,ICT,51,C,576,64,B
STU1362,55,B,97,A,25,F,20,F,87,A,76,A,Agriculture,68,B,Sinhala_Lit,35,C,Media,74,B,537,59.67,B
STU1363,55,B,37,C,72,B,59,B,45,C,80,A,Agriculture,83,A,English_Lit,50,C,Media,62,B,543,60.33,B
STU1364,66,B,48,C,59,B,74,B,64,B,93,A,Commerce,47,C,English_Lit,55,B,Health,62,B,568,63.11,B
STU1365,34,F,17,F,36,C,89,A,93,A,80,A,Agriculture,74,B,English_Lit,93,A,Health,53,C,569,63.22,B
STU1366,56,B,85,A,70,B,8,F,54,C,35,C,Commerce,73,B,Dance,80,A,Media,65,B,526,58.44,B
STU1367,60,B,99,A,57,B,43,C,73,B,66,B,Agriculture,61,B,Music,57,B,ICT,88,A,604,67.11,B
STU1368,42,C,30,F,88,A,63,B,87,A,59,B,Commerce,61,B,Sinhala_Lit,48,C,Health,99,A,577,64.11,B
STU1369,60,B,44,C,57,B,98,A,100,A,56,B,Commerce,66,B,Sinhala_Lit,42,C,Health,29,F,552,61.33,B
STU1370,75,A,73,B,58,B,65,B,71,B,36,C,Agriculture,92,A,English_Lit,36,C,Health,96,A,602,66.89,B
STU1371,56,B,71,B,97,A,60,B,53,C,35,C,Agriculture,63,B,Art,40,C,Home_Science,77,A,552,61.33,B
STU1372,100,A,65,B,89,A,48,C,86,A,73,B,Agriculture,77,A,Drama,71,B,Health,87,A,696,77.33,A
STU1373,45,C,14,F,58,B,83,A,68,B,62,B,Commerce,68,B,Drama,94,A,Home_Science,97,A,589,65.44,B
STU1374,88,A,71,B,50,C,63,B,67,B,88,A,Agriculture,52,C,Drama,75,A,ICT,67,B,621,69,B
STU1375,35,C,99,A,7,F,63,B,90,A,53,C,Agriculture,39,C,Sinhala_Lit,67,B,Health,76,A,529,58.78,B
STU1376,48,C,70,B,26,F,72,B,73,B,22,F,Agriculture,56,B,Music,72,B,ICT,70,B,509,56.56,B
STU1377,72,B,49,C,37,C,37,C,68,B,6,F,Commerce,54,C,Art,64,B,Media,50,C,437,48.56,C
STU1378,60,B,66,B,38,C,35,C,83,A,72,B,Commerce,89,A,Drama,57,B,Media,77,A,577,64.11,B
STU1379,66,B,47,C,63,B,63,B,18,F,88,A,Commerce,66,B,Drama,50,C,Health,40,C,501,55.67,B
STU1380,71,B,41,C,72,B,88,A,41,C,36,C,Agriculture,77,A,English_Lit,91,A,Home_Science,70,B,587,65.22,B
STU1381,31,F,49,C,45,C,66,B,95,A,79,A,Commerce,27,F,English_Lit,56,B,Media,64,B,512,56.89,B
STU1382,65,B,58,B,95,A,37,C,9,F,40,C,Agriculture,89,A,Dance,68,B,Home_Science,72,B,533,59.22,B
STU1383,53,C,53,C,60,B,48,C,48,C,98,A,Commerce,44,C,Sinhala_Lit,56,B,ICT,67,B,527,58.56,B
STU1384,16,F,38,C,42,C,93,A,43,C,67,B,Agriculture,80,A,Sinhala_Lit,84,A,Media,48,C,511,56.78,B
STU1385,48,C,94,A,16,F,69,B,35,C,96,A,Commerce,94,A,Music,56,B,ICT,47,C,555,61.67,B
STU1386,57,B,64,B,73,B,85,A,56,B,17,F,Commerce,43,C,Art,14,F,ICT,92,A,501,55.67,B
STU1387,85,A,50,C,80,A,96,A,74,B,92,A,Agriculture,61,B,Sinhala_Lit,78,A,ICT,55,B,671,74.56,B
STU1388,37,C,58,B,40,C,70,B,74,B,86,A,Commerce,58,B,Art,100,A,Media,24,F,547,60.78,B
STU1389,77,A,64,B,68,B,73,B,76,A,58,B,Commerce,5,F,Sinhala_Lit,85,A,ICT,50,C,556,61.78,B
STU1390,69,B,74,B,65,B,89,A,1,F,43,C,Commerce,72,B,Sinhala_Lit,81,A,Health,83,A,577,64.11,B
STU1391,91,A,60,B,95,A,88,A,56,B,55,B,Agriculture,62,B,Art,64,B,Health,65,B,636,70.67,B
STU1392,58,B,83,A,95,A,90,A,75,A,74,B,Commerce,97,A,Sinhala_Lit,83,A,Health,65,B,720,80,A
STU1393,66,B,75,A,50,C,92,A,63,B,42,C,Agriculture,43,C,Dance,60,B,ICT,41,C,532,59.11,B
STU1394,19,F,61,B,68,B,43,C,51,C,96,A,Agriculture,70,B,Music,7,F,Media,56,B,471,52.33,C
STU1395,49,C,95,A,79,A,97,A,100,A,31,F,Commerce,91,A,Dance,85,A,Media,74,B,701,77.89,A
STU1396,44,C,23,F,93,A,99,A,6,F,45,C,Agriculture,11,F,Art,51,C,ICT,68,B,440,48.89,C
STU1397,45,C,86,A,51,C,43,C,45,C,26,F,Commerce,42,C,Drama,62,B,ICT,89,A,489,54.33,C
STU1398,53,C,89,A,63,B,83,A,71,B,56,B,Commerce,92,A,Art,62,B,Media,8,F,577,64.11,B
STU1399,68,B,46,C,56,B,62,B,71,B,75,A,Commerce,25,F,Sinhala_Lit,78,A,Health,58,B,539,59.89,B
STU1400,44,C,40,C,73,B,57,B,23,F,65,B,Commerce,45,C,Drama,20,F,Home_Science,62,B,429,47.67,C
STU1401,72,B,86,A,67,B,91,A,48,C,91,A,Commerce,40,C,Sinhala_Lit,65,B,Home_Science,74,B,634,70.44,B
STU1402,49,C,98,A,64,B,46,C,80,A,90,A,Agriculture,53,C,Music,95,A,Home_Science,39,C,614,68.22,B
STU1403,97,A,78,A,56,B,83,A,47,C,3,F,Commerce,57,B,Music,36,C,Home_Science,41,C,498,55.33,B
STU1404,22,F,92,A,97,A,96,A,78,A,10,F,Commerce,7,F,Dance,70,B,Media,50,C,522,58,B
STU1405,86,A,90,A,58,B,79,A,74,B,47,C,Commerce,56,B,Dance,63,B,Home_Science,5,F,558,62,B
STU1406,55,B,38,C,95,A,17,F,89,A,65,B,Agriculture,31,F,Dance,93,A,Health,19,F,502,55.78,B
STU1407,93,A,45,C,37,C,99,A,63,B,73,B,Agriculture,72,B,Drama,93,A,Health,80,A,655,72.78,B
STU1408,98,A,47,C,96,A,94,A,76,A,100,A,Agriculture,38,C,English_Lit,3,F,ICT,20,F,572,63.56,B
STU1409,36,C,78,A,69,B,76,A,88,A,86,A,Commerce,64,B,Music,55,B,Home_Science,1,F,553,61.44,B
STU1410,24,F,99,A,62,B,62,B,67,B,86,A,Agriculture,80,A,Music,51,C,ICT,22,F,553,61.44,B
STU1411,68,B,99,A,48,C,60,B,42,C,80,A,Commerce,55,B,Music,66,B,ICT,77,A,595,66.11,B
STU1412,94,A,85,A,49,C,57,B,45,C,91,A,Agriculture,90,A,Sinhala_Lit,65,B,Media,77,A,653,72.56,B
STU1413,50,C,44,C,65,B,53,C,60,B,87,A,Agriculture,2,F,Drama,14,F,ICT,64,B,439,48.78,C
STU1414,18,F,79,A,64,B,82,A,44,C,80,A,Commerce,75,A,Music,64,B,Health,63,B,569,63.22,B
STU1415,40,C,86,A,51,C,30,F,57,B,48,C,Commerce,49,C,Dance,46,C,Health,17,F,424,47.11,C
STU1416,19,F,82,A,95,A,66,B,42,C,37,C,Commerce,57,B,English_Lit,60,B,Health,83,A,541,60.11,B
STU1417,63,B,78,A,56,B,53,C,49,C,86,A,Commerce,59,B,Sinhala_Lit,50,C,ICT,90,A,584,64.89,B
STU1418,54,C,59,B,35,C,49,C,71,B,53,C,Agriculture,61,B,Art,71,B,ICT,60,B,513,57,B
STU1419,32,F,50,C,43,C,69,B,51,C,89,A,Agriculture,50,C,Dance,78,A,Home_Science,76,A,538,59.78,B
STU1420,57,B,50,C,62,B,35,C,21,F,94,A,Agriculture,93,A,English_Lit,88,A,Media,65,B,565,62.78,B
STU1421,84,A,61,B,65,B,61,B,95,A,67,B,Commerce,85,A,English_Lit,35,C,Health,97,A,650,72.22,B
STU1422,87,A,92,A,73,B,76,A,64,B,54,C,Commerce,58,B,Music,44,C,Health,80,A,628,69.78,B
STU1423,40,C,39,C,69,B,87,A,61,B,52,C,Agriculture,64,B,Dance,13,F,ICT,52,C,477,53,C
STU1424,7,F,50,C,55,B,94,A,89,A,74,B,Agriculture,55,B,English_Lit,96,A,Media,83,A,603,67,B
STU1425,94,A,18,F,56,B,58,B,57,B,89,A,Agriculture,67,B,Dance,61,B,ICT,16,F,516,57.33,B
STU1426,100,A,56,B,26,F,43,C,38,C,89,A,Agriculture,90,A,Art,46,C,Home_Science,71,B,559,62.11,B
STU1427,67,B,65,B,86,A,45,C,58,B,98,A,Agriculture,46,C,English_Lit,64,B,ICT,82,A,611,67.89,B
STU1428,61,B,44,C,56,B,6,F,96,A,73,B,Agriculture,66,B,Music,29,F,Media,60,B,491,54.56,C
STU1429,68,B,55,B,99,A,48,C,36,C,97,A,Agriculture,52,C,Art,74,B,Media,84,A,613,68.11,B
STU1430,97,A,94,A,64,B,15,F,42,C,44,C,Agriculture,89,A,English_Lit,44,C,Media,59,B,548,60.89,B
STU1431,100,A,65,B,48,C,65,B,44,C,72,B,Commerce,87,A,Art,90,A,ICT,76,A,647,71.89,B
STU1432,58,B,74,B,77,A,68,B,83,A,81,A,Commerce,66,B,Sinhala_Lit,38,C,ICT,89,A,634,70.44,B
STU1433,93,A,92,A,69,B,81,A,66,B,43,C,Commerce,7,F,Dance,43,C,ICT,11,F,505,56.11,B
STU1434,50,C,58,B,59,B,50,C,7,F,68,B,Agriculture,1,F,Art,49,C,Home_Science,16,F,358,39.78,C
STU1435,71,B,77,A,88,A,59,B,68,B,56,B,Commerce,55,B,English_Lit,87,A,Health,81,A,642,71.33,B
STU1436,11,F,49,C,57,B,15,F,67,B,75,A,Commerce,37,C,Art,68,B,Media,71,B,450,50,C
STU1437,84,A,41,C,77,A,93,A,48,C,60,B,Commerce,75,A,Drama,40,C,ICT,87,A,605,67.22,B
STU1438,58,B,58,B,68,B,55,B,99,A,82,A,Agriculture,80,A,Dance,64,B,ICT,73,B,637,70.78,B
STU1439,79,A,90,A,48,C,10,F,44,C,71,B,Agriculture,80,A,Art,64,B,ICT,82,A,568,63.11,B
STU1440,58,B,65,B,50,C,80,A,89,A,57,B,Agriculture,75,A,Art,57,B,ICT,78,A,609,67.67,B
STU1441,74,B,67,B,27,F,57,B,68,B,62,B,Agriculture,7,F,Sinhala_Lit,88,A,Health,40,C,490,54.44,C
STU1442,62,B,48,C,77,A,42,C,45,C,65,B,Commerce,46,C,Drama,56,B,Home_Science,52,C,493,54.78,C
STU1443,72,B,75,A,93,A,66,B,52,C,96,A,Agriculture,37,C,Dance,93,A,Health,62,B,646,71.78,B
STU1444,24,F,42,C,57,B,95,A,97,A,11,F,Agriculture,46,C,English_Lit,77,A,ICT,89,A,538,59.78,B
STU1445,60,B,93,A,13,F,37,C,42,C,76,A,Agriculture,81,A,Dance,47,C,ICT,24,F,473,52.56,C
STU1446,68,B,72,B,66,B,84,A,37,C,61,B,Agriculture,77,A,Music,50,C,Media,95,A,610,67.78,B
STU1447,62,B,87,A,42,C,72,B,77,A,70,B,Commerce,62,B,Music,93,A,Media,56,B,621,69,B
STU1448,46,C,84,A,73,B,76,A,76,A,57,B,Agriculture,45,C,Art,64,B,Home_Science,68,B,589,65.44,B
STU1449,54,C,71,B,44,C,48,C,58,B,71,B,Agriculture,68,B,Dance,66,B,Health,58,B,538,59.78,B
STU1450,67,B,69,B,31,F,82,A,63,B,82,A,Agriculture,99,A,Sinhala_Lit,68,B,Media,2,F,563,62.56,B
STU1451,45,C,49,C,3,F,37,C,47,C,86,A,Agriculture,71,B,Dance,89,A,ICT,49,C,476,52.89,C
STU1452,63,B,71,B,25,F,98,A,81,A,76,A,Commerce,68,B,Drama,85,A,Home_Science,47,C,614,68.22,B
STU1453,94,A,46,C,59,B,70,B,73,B,92,A,Commerce,83,A,Drama,51,C,ICT,68,B,636,70.67,B
STU1454,38,C,94,A,68,B,49,C,45,C,67,B,Commerce,57,B,English_Lit,74,B,ICT,79,A,571,63.44,B
STU1455,62,B,54,C,70,B,32,F,65,B,73,B,Agriculture,80,A,Drama,65,B,Media,75,A,576,64,B
STU1456,64,B,40,C,9,F,37,C,29,F,74,B,Agriculture,64,B,English_Lit,42,C,Health,38,C,397,44.11,C
STU1457,92,A,59,B,91,A,33,F,91,A,19,F,Commerce,1,F,English_Lit,63,B,Media,87,A,536,59.56,B
STU1458,60,B,59,B,72,B,35,C,26,F,83,A,Commerce,67,B,English_Lit,90,A,Home_Science,44,C,536,59.56,B
STU1459,98,A,30,F,99,A,42,C,83,A,100,A,Agriculture,46,C,Sinhala_Lit,87,A,Media,28,F,613,68.11,B
STU1460,63,B,70,B,85,A,47,C,69,B,15,F,Agriculture,62,B,Sinhala_Lit,68,B,Home_Science,53,C,532,59.11,B
STU1461,44,C,59,B,9,F,81,A,67,B,30,F,Commerce,47,C,English_Lit,50,C,Media,9,F,396,44,C
STU1462,45,C,79,A,37,C,37,C,74,B,63,B,Commerce,36,C,English_Lit,75,A,Home_Science,79,A,525,58.33,B
STU1463,53,C,84,A,51,C,52,C,35,C,40,C,Commerce,54,C,Drama,50,C,Home_Science,64,B,483,53.67,C
STU1464,63,B,60,B,96,A,88,A,49,C,59,B,Agriculture,17,F,Dance,68,B,Health,68,B,568,63.11,B
STU1465,93,A,58,B,39,C,92,A,91,A,36,C,Commerce,58,B,Music,64,B,Home_Science,74,B,605,67.22,B
STU1466,65,B,69,B,36,C,49,C,50,C,77,A,Commerce,36,C,Drama,67,B,Home_Science,94,A,543,60.33,B
STU1467,27,F,68,B,61,B,90,A,39,C,100,A,Commerce,94,A,Music,47,C,Media,38,C,564,62.67,B
STU1468,72,B,73,B,22,F,78,A,55,B,36,C,Agriculture,73,B,Dance,39,C,Home_Science,94,A,542,60.22,B
STU1469,36,C,10,F,42,C,80,A,61,B,54,C,Agriculture,98,A,Sinhala_Lit,80,A,Home_Science,36,C,497,55.22,B
STU1470,99,A,55,B,66,B,63,B,69,B,62,B,Commerce,64,B,Dance,67,B,Health,78,A,623,69.22,B
STU1471,47,C,73,B,99,A,53,C,73,B,59,B,Commerce,65,B,Dance,55,B,Media,91,A,615,68.33,B
STU1472,45,C,64,B,73,B,72,B,83,A,54,C,Commerce,74,B,English_Lit,91,A,ICT,65,B,621,69,B
STU1473,64,B,69,B,47,C,99,A,70,B,62,B,Agriculture,45,C,Art,53,C,Health,83,A,592,65.78,B
STU1474,99,A,85,A,7,F,82,A,72,B,51,C,Agriculture,35,C,Sinhala_Lit,69,B,Home_Science,54,C,554,61.56,B
STU1475,65,B,65,B,88,A,51,C,62,B,88,A,Commerce,56,B,English_Lit,70,B,Health,92,A,637,70.78,B
STU1476,55,B,90,A,98,A,61,B,63,B,99,A,Agriculture,60,B,Sinhala_Lit,64,B,Health,36,C,626,69.56,B
STU1477,49,C,32,F,11,F,62,B,51,C,69,B,Agriculture,75,A,Dance,23,F,ICT,59,B,431,47.89,C
STU1478,81,A,46,C,33,F,59,B,88,A,93,A,Agriculture,79,A,Art,65,B,Home_Science,59,B,603,67,B
STU1479,65,B,91,A,95,A,47,C,81,A,100,A,Commerce,88,A,Dance,46,C,Health,20,F,633,70.33,B
STU1480,62,B,18,F,51,C,68,B,1,F,93,A,Commerce,89,A,Sinhala_Lit,56,B,Media,55,B,493,54.78,C
STU1481,47,C,56,B,58,B,35,C,37,C,85,A,Agriculture,34,F,English_Lit,43,C,ICT,44,C,439,48.78,C
STU1482,60,B,61,B,89,A,51,C,90,A,58,B,Commerce,61,B,Music,72,B,Media,56,B,598,66.44,B
STU1483,36,C,62,B,86,A,59,B,53,C,56,B,Commerce,8,F,Music,63,B,Health,44,C,467,51.89,C
STU1484,82,A,68,B,69,B,42,C,46,C,65,B,Commerce,73,B,Drama,61,B,Health,42,C,548,60.89,B
STU1485,58,B,88,A,42,C,96,A,65,B,24,F,Commerce,79,A,Drama,68,B,Health,89,A,609,67.67,B
STU1486,86,A,20,F,74,B,35,C,33,F,69,B,Commerce,68,B,Dance,99,A,ICT,54,C,538,59.78,B
STU1487,78,A,90,A,45,C,45,C,8,F,15,F,Agriculture,95,A,Drama,96,A,Media,71,B,543,60.33,B
STU1488,75,A,63,B,64,B,81,A,54,C,38,C,Commerce,48,C,Art,73,B,Home_Science,78,A,574,63.78,B
STU1489,32,F,77,A,53,C,76,A,56,B,80,A,Agriculture,43,C,English_Lit,83,A,Home_Science,46,C,546,60.67,B
STU1490,80,A,64,B,74,B,70,B,78,A,79,A,Commerce,93,A,Art,58,B,Health,93,A,689,76.56,A
STU1491,20,F,90,A,52,C,59,B,47,C,80,A,Agriculture,58,B,Dance,63,B,Health,41,C,510,56.67,B
STU1492,68,B,18,F,93,A,97,A,100,A,65,B,Agriculture,78,A,Sinhala_Lit,50,C,Home_Science,64,B,633,70.33,B
STU1493,82,A,48,C,28,F,58,B,55,B,39,C,Commerce,63,B,Music,100,A,Media,36,C,509,56.56,B
STU1494,60,B,57,B,36,C,97,A,64,B,45,C,Agriculture,93,A,Sinhala_Lit,36,C,ICT,23,F,511,56.78,B
STU1495,95,A,46,C,43,C,73,B,94,A,82,A,Commerce,68,B,English_Lit,88,A,Home_Science,38,C,627,69.67,B
STU1496,36,C,84,A,99,A,93,A,91,A,19,F,Commerce,68,B,English_Lit,89,A,Media,74,B,653,72.56,B
STU1497,51,C,57,B,66,B,14,F,43,C,73,B,Commerce,93,A,Music,21,F,Home_Science,74,B,492,54.67,C
STU1498,45,C,98,A,61,B,100,A,71,B,66,B,Agriculture,66,B,Art,100,A,Health,47,C,654,72.67,B
STU1499,61,B,63,B,63,B,10,F,74,B,63,B,Commerce,58,B,English_Lit,63,B,Health,39,C,494,54.89,C
STU1500,43,C,61,B,58,B,88,A,56,B,61,B,Agriculture,95,A,Drama,14,F,Media,65,B,541,60.11,B
STU1501,5,F,66,B,34,F,30,F,36,C,63,B,Agriculture,68,B,Sinhala_Lit,72,B,Home_Science,43,C,417,46.33,C
STU1502,67,B,39,C,66,B,58,B,97,A,22,F,Commerce,67,B,English_Lit,31,F,Health,36,C,483,53.67,C
STU1503,62,B,73,B,37,C,11,F,92,A,92,A,Agriculture,44,C,Sinhala_Lit,43,C,ICT,30,F,484,53.78,C
STU1504,62,B,16,F,59,B,72,B,85,A,89,A,Commerce,82,A,English_Lit,53,C,Media,97,A,615,68.33,B
STU1505,82,A,91,A,61,B,69,B,31,F,64,B,Agriculture,64,B,Drama,62,B,ICT,38,C,562,62.44,B
STU1506,13,F,52,C,51,C,70,B,93,A,83,A,Commerce,47,C,Drama,42,C,Media,68,B,519,57.67,B
STU1507,64,B,63,B,96,A,80,A,87,A,87,A,Commerce,86,A,Music,93,A,Home_Science,49,C,705,78.33,A
STU1508,37,C,7,F,82,A,50,C,61,B,83,A,Commerce,1,F,Art,74,B,Home_Science,34,F,429,47.67,C
STU1509,62,B,57,B,53,C,35,C,78,A,91,A,Commerce,63,B,Music,7,F,Health,98,A,544,60.44,B
STU1510,36,C,28,F,41,C,38,C,94,A,13,F,Agriculture,96,A,Sinhala_Lit,44,C,Media,57,B,447,49.67,C
STU1511,56,B,74,B,52,C,72,B,46,C,59,B,Commerce,56,B,English_Lit,54,C,Health,98,A,567,63,B
STU1512,38,C,96,A,59,B,92,A,73,B,58,B,Agriculture,78,A,English_Lit,49,C,Media,49,C,592,65.78,B
STU1513,47,C,68,B,84,A,52,C,2,F,31,F,Commerce,37,C,English_Lit,77,A,Health,100,A,498,55.33,B
STU1514,26,F,56,B,71,B,21,F,86,A,56,B,Agriculture,69,B,English_Lit,54,C,Home_Science,69,B,508,56.44,B
STU1515,35,C,97,A,80,A,80,A,63,B,88,A,Commerce,91,A,Dance,86,A,ICT,60,B,680,75.56,A
STU1516,32,F,93,A,84,A,37,C,78,A,5,F,Agriculture,23,F,English_Lit,26,F,Health,87,A,465,51.67,C
STU1517,72,B,31,F,35,C,72,B,75,A,65,B,Commerce,93,A,Dance,62,B,Media,44,C,549,61,B
STU1518,47,C,23,F,85,A,68,B,62,B,63,B,Agriculture,77,A,Art,42,C,Home_Science,60,B,527,58.56,B
STU1519,68,B,63,B,74,B,87,A,62,B,99,A,Agriculture,73,B,English_Lit,54,C,Home_Science,64,B,644,71.56,B
STU1520,33,F,44,C,42,C,50,C,68,B,87,A,Commerce,71,B,Sinhala_Lit,81,A,ICT,53,C,529,58.78,B
STU1521,50,C,52,C,68,B,38,C,62,B,65,B,Commerce,22,F,Dance,63,B,Home_Science,50,C,470,52.22,C
STU1522,67,B,60,B,55,B,49,C,46,C,69,B,Commerce,52,C,Sinhala_Lit,71,B,Media,45,C,514,57.11,B
STU1523,68,B,81,A,68,B,5,F,53,C,89,A,Commerce,81,A,Drama,55,B,Home_Science,88,A,588,65.33,B
STU1524,66,B,62,B,42,C,73,B,99,A,57,B,Commerce,19,F,Dance,54,C,Media,38,C,510,56.67,B
STU1525,5,F,71,B,56,B,15,F,67,B,44,C,Agriculture,96,A,Art,70,B,Home_Science,63,B,487,54.11,C
STU1526,44,C,58,B,63,B,41,C,13,F,6,F,Commerce,65,B,English_Lit,49,C,Home_Science,95,A,434,48.22,C
STU1527,92,A,66,B,20,F,24,F,93,A,72,B,Commerce,78,A,Dance,69,B,ICT,95,A,609,67.67,B
STU1528,43,C,53,C,52,C,31,F,66,B,88,A,Commerce,60,B,Art,92,A,Health,99,A,584,64.89,B
STU1529,42,C,65,B,67,B,70,B,81,A,60,B,Agriculture,73,B,Art,53,C,ICT,49,C,560,62.22,B
STU1530,53,C,77,A,78,A,57,B,62,B,27,F,Agriculture,71,B,Music,95,A,ICT,35,C,555,61.67,B
STU1531,81,A,53,C,96,A,44,C,52,C,74,B,Agriculture,59,B,English_Lit,62,B,Media,64,B,585,65,B
STU1532,4,F,51,C,41,C,62,B,73,B,78,A,Agriculture,96,A,Sinhala_Lit,62,B,Health,66,B,533,59.22,B
STU1533,71,B,60,B,54,C,31,F,79,A,100,A,Agriculture,70,B,Drama,2,F,Home_Science,67,B,534,59.33,B
STU1534,72,B,82,A,67,B,57,B,54,C,11,F,Commerce,93,A,Drama,50,C,Health,94,A,580,64.44,B
STU1535,35,C,52,C,46,C,71,B,37,C,66,B,Agriculture,68,B,Music,78,A,ICT,99,A,552,61.33,B
STU1536,20,F,80,A,62,B,49,C,45,C,87,A,Commerce,48,C,Sinhala_Lit,40,C,Health,66,B,497,55.22,B
STU1537,51,C,55,B,89,A,45,C,79,A,96,A,Agriculture,61,B,Drama,66,B,Media,67,B,609,67.67,B
STU1538,53,C,55,B,70,B,90,A,77,A,61,B,Commerce,68,B,Art,57,B,Health,79,A,610,67.78,B
STU1539,77,A,79,A,92,A,70,B,38,C,100,A,Agriculture,62,B,Dance,63,B,ICT,75,A,656,72.89,B
STU1540,56,B,51,C,85,A,42,C,72,B,66,B,Commerce,53,C,Art,74,B,Home_Science,76,A,575,63.89,B
STU1541,73,B,62,B,39,C,69,B,68,B,55,B,Commerce,79,A,English_Lit,43,C,Health,96,A,584,64.89,B
STU1542,53,C,42,C,75,A,81,A,63,B,29,F,Agriculture,74,B,Art,28,F,ICT,68,B,513,57,B
STU1543,61,B,47,C,68,B,82,A,91,A,65,B,Commerce,53,C,Dance,54,C,Health,97,A,618,68.67,B
STU1544,91,A,68,B,93,A,63,B,19,F,26,F,Agriculture,28,F,Art,80,A,ICT,45,C,513,57,B
STU1545,41,C,63,B,99,A,88,A,4,F,64,B,Commerce,63,B,Sinhala_Lit,71,B,Health,18,F,511,56.78,B
STU1546,93,A,9,F,72,B,67,B,84,A,69,B,Agriculture,47,C,Dance,79,A,Home_Science,96,A,616,68.44,B
STU1547,83,A,68,B,52,C,79,A,0,F,30,F,Commerce,82,A,Drama,48,C,Home_Science,75,A,517,57.44,B
STU1548,83,A,73,B,91,A,42,C,38,C,70,B,Commerce,50,C,Art,79,A,Media,42,C,568,63.11,B
STU1549,74,B,92,A,97,A,25,F,96,A,76,A,Commerce,46,C,Music,94,A,Health,69,B,669,74.33,B
STU1550,65,B,61,B,60,B,66,B,8,F,6,F,Agriculture,75,A,Music,81,A,Home_Science,75,A,497,55.22,B
STU1551,73,B,70,B,96,A,99,A,76,A,71,B,Commerce,78,A,Sinhala_Lit,90,A,Health,95,A,748,83.11,A
STU1552,56,B,74,B,52,C,22,F,65,B,47,C,Commerce,55,B,Sinhala_Lit,54,C,ICT,54,C,479,53.22,C
STU1553,40,C,43,C,57,B,58,B,19,F,90,A,Commerce,25,F,Sinhala_Lit,39,C,ICT,45,C,416,46.22,C
STU1554,42,C,42,C,53,C,38,C,47,C,32,F,Agriculture,88,A,Art,70,B,Media,64,B,476,52.89,C
STU1555,41,C,72,B,62,B,80,A,76,A,67,B,Commerce,81,A,Drama,55,B,Health,15,F,549,61,B
STU1556,76,A,64,B,95,A,78,A,64,B,86,A,Commerce,72,B,Dance,86,A,Home_Science,20,F,641,71.22,B
STU1557,87,A,60,B,70,B,50,C,20,F,57,B,Agriculture,96,A,Dance,47,C,Health,92,A,579,64.33,B
STU1558,73,B,39,C,92,A,51,C,83,A,94,A,Commerce,63,B,Art,78,A,Health,5,F,578,64.22,B
STU1559,55,B,39,C,36,C,61,B,49,C,42,C,Agriculture,40,C,Music,47,C,Health,79,A,448,49.78,C
STU1560,64,B,50,C,49,C,62,B,95,A,49,C,Commerce,95,A,Dance,42,C,Home_Science,92,A,598,66.44,B
STU1561,56,B,56,B,36,C,60,B,73,B,68,B,Agriculture,74,B,Music,18,F,Media,90,A,531,59,B
STU1562,100,A,13,F,22,F,73,B,65,B,51,C,Commerce,97,A,Drama,55,B,ICT,62,B,538,59.78,B
STU1563,58,B,58,B,91,A,58,B,24,F,90,A,Agriculture,19,F,Sinhala_Lit,76,A,Health,83,A,557,61.89,B
STU1564,38,C,59,B,42,C,69,B,47,C,45,C,Commerce,97,A,Dance,28,F,Home_Science,14,F,439,48.78,C
STU1565,62,B,86,A,96,A,3,F,70,B,50,C,Commerce,97,A,English_Lit,67,B,Home_Science,57,B,588,65.33,B
STU1566,71,B,72,B,42,C,51,C,69,B,95,A,Commerce,71,B,Dance,84,A,Home_Science,8,F,563,62.56,B
STU1567,97,A,92,A,55,B,71,B,81,A,84,A,Agriculture,72,B,Art,40,C,Media,37,C,629,69.89,B
STU1568,44,C,38,C,35,C,51,C,91,A,83,A,Agriculture,35,C,English_Lit,64,B,Health,88,A,529,58.78,B
STU1569,40,C,57,B,64,B,3,F,85,A,96,A,Agriculture,86,A,Music,34,F,Home_Science,92,A,557,61.89,B
STU1570,51,C,72,B,57,B,60,B,64,B,40,C,Agriculture,30,F,Art,83,A,Media,52,C,509,56.56,B
STU1571,99,A,95,A,65,B,87,A,75,A,7,F,Commerce,49,C,Dance,55,B,ICT,89,A,621,69,B
STU1572,53,C,69,B,49,C,73,B,99,A,47,C,Commerce,79,A,English_Lit,60,B,Home_Science,99,A,628,69.78,B
STU1573,51,C,49,C,69,B,66,B,57,B,64,B,Commerce,4,F,English_Lit,24,F,Health,91,A,475,52.78,C
STU1574,70,B,39,C,35,C,42,C,89,A,5,F,Agriculture,73,B,Music,41,C,ICT,71,B,465,51.67,C
STU1575,82,A,74,B,60,B,35,C,87,A,60,B,Commerce,30,F,Music,80,A,Media,81,A,589,65.44,B
STU1576,93,A,76,A,54,C,44,C,43,C,68,B,Agriculture,65,B,English_Lit,49,C,Health,53,C,545,60.56,B
STU1577,87,A,64,B,100,A,72,B,69,B,60,B,Commerce,69,B,Music,40,C,Health,43,C,604,67.11,B
STU1578,68,B,52,C,49,C,82,A,41,C,55,B,Commerce,89,A,Art,19,F,Health,90,A,545,60.56,B
STU1579,36,C,70,B,88,A,30,F,90,A,41,C,Agriculture,58,B,English_Lit,50,C,ICT,93,A,556,61.78,B
STU1580,37,C,35,C,96,A,99,A,42,C,31,F,Commerce,74,B,Sinhala_Lit,57,B,Media,62,B,533,59.22,B
STU1581,59,B,62,B,60,B,50,C,51,C,78,A,Agriculture,52,C,English_Lit,23,F,Health,52,C,487,54.11,C
STU1582,87,A,83,A,60,B,55,B,51,C,84,A,Commerce,100,A,Art,85,A,Media,60,B,665,73.89,B
STU1583,63,B,69,B,37,C,39,C,11,F,46,C,Agriculture,57,B,Art,54,C,ICT,92,A,468,52,C
STU1584,9,F,87,A,0,F,54,C,48,C,67,B,Agriculture,23,F,Music,95,A,Media,47,C,430,47.78,C
STU1585,36,C,43,C,36,C,76,A,56,B,74,B,Commerce,74,B,Art,69,B,Home_Science,61,B,525,58.33,B
STU1586,88,A,78,A,42,C,59,B,1,F,72,B,Agriculture,77,A,Sinhala_Lit,40,C,Home_Science,42,C,499,55.44,B
STU1587,65,B,35,C,87,A,77,A,20,F,35,C,Agriculture,88,A,Drama,18,F,Media,77,A,502,55.78,B
STU1588,56,B,28,F,74,B,67,B,74,B,52,C,Commerce,92,A,Dance,56,B,Home_Science,4,F,503,55.89,B
STU1589,68,B,46,C,36,C,95,A,78,A,50,C,Agriculture,76,A,Sinhala_Lit,54,C,Health,31,F,534,59.33,B
STU1590,53,C,5,F,65,B,52,C,89,A,58,B,Commerce,81,A,Dance,74,B,Media,63,B,540,60,B
STU1591,38,C,1,F,75,A,47,C,39,C,93,A,Agriculture,74,B,English_Lit,86,A,Health,40,C,493,54.78,C
STU1592,84,A,58,B,94,A,68,B,53,C,89,A,Agriculture,59,B,Dance,72,B,Media,44,C,621,69,B
STU1593,38,C,57,B,64,B,100,A,40,C,94,A,Commerce,57,B,Dance,25,F,Media,92,A,567,63,B
STU1594,87,A,37,C,36,C,18,F,75,A,46,C,Commerce,70,B,Art,51,C,Health,64,B,484,53.78,C
STU1595,42,C,59,B,68,B,49,C,58,B,64,B,Agriculture,48,C,English_Lit,88,A,ICT,62,B,538,59.78,B
STU1596,40,C,69,B,80,A,80,A,64,B,74,B,Commerce,96,A,Drama,99,A,Media,66,B,668,74.22,B
STU1597,64,B,7,F,62,B,92,A,92,A,82,A,Commerce,69,B,Music,94,A,Home_Science,56,B,618,68.67,B
STU1598,43,C,58,B,57,B,10,F,58,B,61,B,Agriculture,56,B,Music,65,B,Health,61,B,469,52.11,C
STU1599,89,A,63,B,62,B,100,A,8,F,87,A,Agriculture,66,B,English_Lit,59,B,ICT,54,C,588,65.33,B
STU1600,47,C,98,A,83,A,54,C,58,B,67,B,Agriculture,89,A,Art,72,B,ICT,66,B,634,70.44,B
STU1601,99,A,54,C,58,B,2,F,28,F,71,B,Commerce,89,A,English_Lit,61,B,ICT,81,A,543,60.33,B
STU1602,11,F,71,B,64,B,78,A,81,A,77,A,Commerce,72,B,English_Lit,51,C,Home_Science,67,B,572,63.56,B
STU1603,67,B,23,F,70,B,87,A,82,A,35,C,Agriculture,61,B,Art,81,A,ICT,95,A,601,66.78,B
STU1604,58,B,65,B,29,F,63,B,51,C,57,B,Agriculture,96,A,Dance,70,B,Health,23,F,512,56.89,B
STU1605,72,B,2,F,52,C,58,B,19,F,90,A,Commerce,57,B,Music,76,A,Media,69,B,495,55,B
STU1606,73,B,35,C,97,A,60,B,89,A,47,C,Agriculture,81,A,Drama,91,A,Home_Science,70,B,643,71.44,B
STU1607,100,A,47,C,23,F,43,C,43,C,81,A,Agriculture,57,B,Drama,55,B,ICT,79,A,528,58.67,B
STU1608,38,C,18,F,78,A,83,A,70,B,52,C,Agriculture,13,F,Art,65,B,ICT,74,B,491,54.56,C
STU1609,82,A,20,F,42,C,64,B,67,B,52,C,Commerce,81,A,Music,64,B,Media,80,A,552,61.33,B
STU1610,70,B,60,B,73,B,59,B,18,F,47,C,Commerce,32,F,Drama,11,F,Media,62,B,432,48,C
STU1611,95,A,45,C,49,C,79,A,80,A,47,C,Commerce,64,B,Sinhala_Lit,44,C,Health,0,F,503,55.89,B
STU1612,35,C,50,C,59,B,77,A,54,C,38,C,Commerce,38,C,Drama,100,A,Media,67,B,518,57.56,B
STU1613,52,C,0,F,77,A,42,C,86,A,62,B,Agriculture,70,B,Dance,93,A,Media,59,B,541,60.11,B
STU1614,57,B,62,B,65,B,87,A,74,B,59,B,Agriculture,90,A,Music,43,C,Health,99,A,636,70.67,B
STU1615,80,A,55,B,77,A,88,A,37,C,81,A,Commerce,50,C,Dance,96,A,ICT,51,C,615,68.33,B
STU1616,61,B,64,B,96,A,69,B,75,A,23,F,Commerce,66,B,Dance,83,A,Home_Science,57,B,594,66,B
STU1617,64,B,5,F,22,F,89,A,97,A,49,C,Commerce,48,C,Sinhala_Lit,42,C,Media,81,A,497,55.22,B
STU1618,53,C,87,A,68,B,54,C,88,A,53,C,Commerce,50,C,Drama,69,B,ICT,69,B,591,65.67,B
STU1619,31,F,50,C,2,F,91,A,24,F,17,F,Agriculture,47,C,Sinhala_Lit,93,A,ICT,79,A,434,48.22,C
STU1620,46,C,97,A,66,B,66,B,81,A,71,B,Agriculture,37,C,Sinhala_Lit,9,F,Health,77,A,550,61.11,B
STU1621,59,B,79,A,78,A,22,F,65,B,38,C,Commerce,48,C,Drama,39,C,Home_Science,69,B,497,55.22,B
STU1622,47,C,76,A,92,A,71,B,65,B,20,F,Agriculture,55,B,English_Lit,79,A,Media,70,B,575,63.89,B
STU1623,49,C,76,A,89,A,36,C,7,F,90,A,Agriculture,61,B,Art,96,A,ICT,97,A,601,66.78,B
STU1624,70,B,80,A,41,C,17,F,85,A,99,A,Agriculture,50,C,Music,14,F,Health,82,A,538,59.78,B
STU1625,99,A,92,A,64,B,66,B,37,C,14,F,Commerce,98,A,Music,91,A,ICT,65,B,626,69.56,B
STU1626,59,B,37,C,83,A,58,B,91,A,57,B,Agriculture,5,F,Music,92,A,Home_Science,99,A,581,64.56,B
STU1627,70,B,66,B,71,B,57,B,42,C,52,C,Agriculture,49,C,Sinhala_Lit,44,C,Media,35,C,486,54,C
STU1628,1,F,68,B,100,A,80,A,39,C,43,C,Commerce,50,C,Sinhala_Lit,56,B,Health,60,B,497,55.22,B
STU1629,77,A,67,B,48,C,92,A,62,B,68,B,Commerce,61,B,Art,63,B,Health,85,A,623,69.22,B
STU1630,87,A,52,C,4,F,48,C,43,C,75,A,Agriculture,50,C,Drama,36,C,Media,43,C,438,48.67,C
STU1631,80,A,27,F,42,C,1,F,41,C,95,A,Commerce,72,B,Sinhala_Lit,77,A,ICT,56,B,491,54.56,C
STU1632,91,A,54,C,42,C,66,B,40,C,95,A,Commerce,87,A,Art,100,A,Health,62,B,637,70.78,B
STU1633,53,C,79,A,71,B,87,A,80,A,79,A,Agriculture,40,C,English_Lit,40,C,ICT,52,C,581,64.56,B
STU1634,64,B,70,B,40,C,63,B,85,A,45,C,Agriculture,35,C,Art,64,B,Home_Science,67,B,533,59.22,B
STU1635,58,B,85,A,58,B,98,A,86,A,62,B,Commerce,43,C,Dance,55,B,Home_Science,58,B,603,67,B
STU1636,98,A,60,B,55,B,43,C,41,C,94,A,Agriculture,57,B,Music,41,C,ICT,55,B,544,60.44,B
STU1637,0,F,70,B,94,A,48,C,42,C,68,B,Agriculture,21,F,Music,46,C,Health,41,C,430,47.78,C
STU1638,55,B,54,C,66,B,98,A,96,A,86,A,Commerce,81,A,Sinhala_Lit,51,C,Home_Science,60,B,647,71.89,B
STU1639,35,C,20,F,97,A,87,A,73,B,52,C,Agriculture,91,A,Dance,7,F,Health,52,C,514,57.11,B
STU1640,73,B,55,B,32,F,55,B,71,B,74,B,Commerce,85,A,Drama,62,B,Media,62,B,569,63.22,B
STU1641,72,B,93,A,59,B,63,B,53,C,65,B,Agriculture,98,A,Sinhala_Lit,89,A,Health,98,A,690,76.67,A
STU1642,52,C,49,C,90,A,93,A,72,B,56,B,Commerce,67,B,Dance,18,F,Health,41,C,538,59.78,B
STU1643,97,A,72,B,72,B,84,A,83,A,51,C,Commerce,88,A,Art,68,B,Home_Science,74,B,689,76.56,A
STU1644,24,F,2,F,46,C,99,A,82,A,75,A,Agriculture,44,C,Drama,39,C,Health,54,C,465,51.67,C
STU1645,24,F,50,C,64,B,32,F,53,C,96,A,Agriculture,88,A,Music,63,B,Home_Science,67,B,537,59.67,B
STU1646,72,B,91,A,12,F,60,B,60,B,64,B,Commerce,53,C,Drama,87,A,Health,87,A,586,65.11,B
STU1647,100,A,58,B,65,B,49,C,78,A,68,B,Agriculture,54,C,Drama,60,B,Health,79,A,611,67.89,B
STU1648,91,A,37,C,55,B,52,C,89,A,88,A,Agriculture,95,A,Sinhala_Lit,52,C,Health,47,C,606,67.33,B
STU1649,89,A,73,B,81,A,41,C,57,B,55,B,Commerce,71,B,Sinhala_Lit,1,F,Media,47,C,515,57.22,B
STU1650,37,C,91,A,3,F,46,C,76,A,98,A,Commerce,100,A,Dance,62,B,Health,88,A,601,66.78,B
STU1651,36,C,50,C,62,B,61,B,8,F,62,B,Agriculture,63,B,Dance,15,F,Media,49,C,406,45.11,C
STU1652,73,B,67,B,30,F,56,B,96,A,37,C,Agriculture,64,B,Sinhala_Lit,83,A,Media,49,C,555,61.67,B
STU1653,71,B,64,B,95,A,20,F,94,A,17,F,Commerce,56,B,Sinhala_Lit,60,B,ICT,55,B,532,59.11,B
STU1654,40,C,83,A,87,A,85,A,67,B,59,B,Agriculture,95,A,English_Lit,59,B,Media,89,A,664,73.78,B
STU1655,56,B,44,C,87,A,54,C,78,A,60,B,Commerce,62,B,Drama,76,A,Health,83,A,600,66.67,B
STU1656,66,B,48,C,47,C,68,B,49,C,10,F,Agriculture,98,A,Music,51,C,Health,68,B,505,56.11,B
STU1657,57,B,73,B,53,C,93,A,72,B,71,B,Commerce,61,B,Music,56,B,Media,60,B,596,66.22,B
STU1658,93,A,96,A,23,F,45,C,73,B,57,B,Agriculture,17,F,Music,21,F,Media,45,C,470,52.22,C
STU1659,16,F,65,B,82,A,100,A,8,F,50,C,Agriculture,66,B,Music,67,B,Home_Science,60,B,514,57.11,B
STU1660,65,B,4,F,89,A,50,C,38,C,76,A,Agriculture,88,A,Art,57,B,Health,13,F,480,53.33,C
STU1661,64,B,4,F,81,A,71,B,51,C,67,B,Agriculture,95,A,Music,68,B,Media,51,C,552,61.33,B
STU1662,48,C,39,C,7,F,54,C,71,B,40,C,Agriculture,35,C,English_Lit,67,B,ICT,64,B,425,47.22,C
STU1663,71,B,10,F,65,B,53,C,50,C,88,A,Agriculture,64,B,Art,97,A,Health,98,A,596,66.22,B
STU1664,77,A,37,C,64,B,87,A,96,A,58,B,Commerce,96,A,Sinhala_Lit,70,B,Media,84,A,669,74.33,B
STU1665,100,A,95,A,45,C,53,C,48,C,36,C,Commerce,93,A,Drama,51,C,Media,37,C,558,62,B
STU1666,90,A,40,C,74,B,97,A,97,A,79,A,Commerce,71,B,Dance,60,B,Media,12,F,620,68.89,B
STU1667,62,B,67,B,37,C,57,B,4,F,66,B,Agriculture,58,B,Art,85,A,ICT,71,B,507,56.33,B
STU1668,65,B,49,C,56,B,57,B,84,A,78,A,Agriculture,81,A,Drama,57,B,Media,60,B,587,65.22,B
STU1669,35,C,68,B,78,A,61,B,74,B,2,F,Agriculture,70,B,Dance,83,A,Home_Science,77,A,548,60.89,B
STU1670,60,B,84,A,64,B,83,A,58,B,74,B,Commerce,73,B,Art,90,A,ICT,68,B,654,72.67,B
STU1671,80,A,28,F,11,F,37,C,76,A,51,C,Agriculture,35,C,Dance,95,A,ICT,98,A,511,56.78,B
STU1672,63,B,82,A,43,C,40,C,50,C,94,A,Commerce,27,F,Art,75,A,ICT,96,A,570,63.33,B
STU1673,89,A,72,B,73,B,47,C,55,B,39,C,Commerce,58,B,Sinhala_Lit,50,C,Home_Science,68,B,551,61.22,B
STU1674,84,A,88,A,46,C,94,A,67,B,71,B,Agriculture,63,B,Art,74,B,Home_Science,97,A,684,76,A
STU1675,34,F,62,B,94,A,43,C,74,B,60,B,Agriculture,37,C,Dance,28,F,Health,71,B,503,55.89,B
STU1676,64,B,87,A,81,A,89,A,75,A,37,C,Agriculture,44,C,Dance,70,B,Home_Science,14,F,561,62.33,B
STU1677,95,A,73,B,53,C,100,A,14,F,30,F,Commerce,54,C,Sinhala_Lit,96,A,Health,77,A,592,65.78,B
STU1678,84,A,76,A,79,A,73,B,37,C,46,C,Agriculture,82,A,Dance,65,B,Media,57,B,599,66.56,B
STU1679,46,C,36,C,51,C,76,A,50,C,69,B,Agriculture,73,B,Drama,41,C,Health,100,A,542,60.22,B
STU1680,42,C,41,C,58,B,84,A,70,B,58,B,Agriculture,97,A,Music,55,B,Health,96,A,601,66.78,B
STU1681,70,B,47,C,52,C,86,A,73,B,47,C,Agriculture,49,C,Art,62,B,ICT,65,B,551,61.22,B
STU1682,87,A,87,A,39,C,60,B,50,C,70,B,Agriculture,71,B,English_Lit,44,C,Home_Science,95,A,603,67,B
STU1683,37,C,48,C,64,B,92,A,40,C,52,C,Agriculture,52,C,Music,100,A,Health,81,A,566,62.89,B
STU1684,62,B,58,B,59,B,68,B,51,C,56,B,Agriculture,48,C,Art,68,B,Media,100,A,570,63.33,B
STU1685,51,C,70,B,96,A,40,C,57,B,52,C,Commerce,45,C,Music,63,B,Health,59,B,533,59.22,B
STU1686,40,C,57,B,31,F,67,B,58,B,53,C,Commerce,76,A,Art,53,C,Media,79,A,514,57.11,B
STU1687,46,C,31,F,68,B,27,F,98,A,80,A,Agriculture,60,B,Music,77,A,Home_Science,38,C,525,58.33,B
STU1688,79,A,62,B,59,B,61,B,37,C,36,C,Commerce,67,B,English_Lit,67,B,Health,75,A,543,60.33,B
STU1689,62,B,74,B,59,B,82,A,38,C,99,A,Commerce,63,B,Drama,95,A,ICT,3,F,575,63.89,B
STU1690,44,C,96,A,79,A,52,C,64,B,70,B,Agriculture,94,A,Drama,82,A,Home_Science,44,C,625,69.44,B
STU1691,70,B,2,F,69,B,58,B,36,C,80,A,Commerce,45,C,Drama,65,B,Home_Science,39,C,464,51.56,C
STU1692,72,B,48,C,43,C,67,B,56,B,67,B,Agriculture,54,C,Music,70,B,ICT,46,C,523,58.11,B
STU1693,97,A,64,B,52,C,62,B,67,B,68,B,Agriculture,5,F,English_Lit,62,B,Home_Science,72,B,549,61,B
STU1694,40,C,19,F,43,C,70,B,55,B,66,B,Agriculture,78,A,Art,72,B,ICT,94,A,537,59.67,B
STU1695,80,A,51,C,81,A,55,B,68,B,83,A,Commerce,34,F,Art,100,A,Media,61,B,613,68.11,B
STU1696,83,A,54,C,36,C,72,B,37,C,43,C,Agriculture,55,B,Sinhala_Lit,98,A,Health,25,F,503,55.89,B
STU1697,93,A,93,A,45,C,58,B,88,A,87,A,Commerce,68,B,Drama,96,A,ICT,87,A,715,79.44,A
STU1698,96,A,86,A,68,B,49,C,46,C,69,B,Commerce,63,B,Art,64,B,Home_Science,33,F,574,63.78,B
STU1699,62,B,38,C,1,F,56,B,75,A,52,C,Commerce,50,C,Art,88,A,Health,67,B,489,54.33,C
STU1700,68,B,53,C,90,A,35,C,98,A,76,A,Agriculture,92,A,English_Lit,40,C,ICT,46,C,598,66.44,B
STU1701,64,B,57,B,89,A,68,B,41,C,86,A,Commerce,97,A,English_Lit,45,C,Media,57,B,604,67.11,B
STU1702,57,B,72,B,69,B,74,B,60,B,54,C,Commerce,37,C,English_Lit,40,C,ICT,70,B,533,59.22,B
STU1703,74,B,96,A,44,C,98,A,51,C,68,B,Agriculture,71,B,English_Lit,86,A,Home_Science,94,A,682,75.78,A
STU1704,75,A,96,A,56,B,82,A,76,A,25,F,Agriculture,50,C,Music,69,B,Home_Science,49,C,578,64.22,B
STU1705,15,F,59,B,58,B,19,F,88,A,25,F,Agriculture,65,B,Art,18,F,ICT,48,C,395,43.89,C
STU1706,70,B,56,B,81,A,44,C,24,F,85,A,Commerce,74,B,Sinhala_Lit,63,B,ICT,71,B,568,63.11,B
STU1707,55,B,23,F,77,A,91,A,74,B,71,B,Agriculture,37,C,Dance,71,B,ICT,18,F,517,57.44,B
STU1708,81,A,64,B,98,A,43,C,100,A,15,F,Agriculture,56,B,English_Lit,36,C,Media,74,B,567,63,B
STU1709,89,A,3,F,50,C,14,F,56,B,65,B,Commerce,42,C,English_Lit,44,C,ICT,100,A,463,51.44,C
STU1710,24,F,25,F,36,C,87,A,69,B,81,A,Commerce,63,B,Drama,62,B,Home_Science,64,B,511,56.78,B
STU1711,40,C,86,A,13,F,99,A,71,B,95,A,Commerce,60,B,Dance,51,C,Health,58,B,573,63.67,B
STU1712,79,A,36,C,44,C,80,A,72,B,68,B,Agriculture,9,F,Art,48,C,Health,97,A,533,59.22,B
STU1713,58,B,36,C,80,A,63,B,56,B,70,B,Agriculture,69,B,English_Lit,74,B,Media,72,B,578,64.22,B
STU1714,75,A,42,C,45,C,99,A,96,A,43,C,Commerce,14,F,Dance,49,C,Media,83,A,546,60.67,B
STU1715,74,B,94,A,38,C,100,A,36,C,22,F,Commerce,75,A,Music,73,B,Home_Science,45,C,557,61.89,B
STU1716,49,C,85,A,59,B,79,A,35,C,84,A,Agriculture,93,A,English_Lit,100,A,Health,58,B,642,71.33,B
STU1717,74,B,68,B,93,A,11,F,43,C,16,F,Agriculture,6,F,Dance,78,A,Home_Science,62,B,451,50.11,C
STU1718,66,B,88,A,60,B,55,B,88,A,55,B,Commerce,100,A,Sinhala_Lit,98,A,Health,85,A,695,77.22,A
STU1719,10,F,42,C,91,A,73,B,69,B,69,B,Commerce,40,C,Art,77,A,Health,55,B,526,58.44,B
STU1720,74,B,87,A,37,C,75,A,77,A,80,A,Commerce,72,B,Sinhala_Lit,62,B,Home_Science,1,F,565,62.78,B
STU1721,2,F,58,B,42,C,80,A,64,B,80,A,Agriculture,47,C,English_Lit,82,A,Home_Science,95,A,550,61.11,B
STU1722,45,C,76,A,47,C,2,F,35,C,55,B,Agriculture,91,A,Sinhala_Lit,44,C,Media,85,A,480,53.33,C
STU1723,61,B,98,A,46,C,8,F,53,C,81,A,Commerce,91,A,Music,57,B,Media,86,A,581,64.56,B
STU1724,42,C,81,A,71,B,42,C,67,B,81,A,Commerce,37,C,Drama,55,B,Home_Science,74,B,550,61.11,B
STU1725,79,A,91,A,46,C,82,A,65,B,37,C,Agriculture,72,B,Sinhala_Lit,59,B,ICT,70,B,601,66.78,B
STU1726,62,B,54,C,54,C,77,A,69,B,100,A,Agriculture,33,F,Dance,43,C,ICT,78,A,570,63.33,B
STU1727,51,C,76,A,11,F,65,B,63,B,36,C,Agriculture,93,A,Drama,4,F,Health,55,B,454,50.44,C
STU1728,98,A,41,C,69,B,96,A,98,A,45,C,Agriculture,85,A,Drama,74,B,Health,56,B,662,73.56,B
STU1729,93,A,79,A,95,A,54,C,75,A,46,C,Agriculture,63,B,Art,58,B,Health,85,A,648,72,B
STU1730,81,A,81,A,79,A,6,F,39,C,70,B,Agriculture,73,B,Sinhala_Lit,62,B,Health,100,A,591,65.67,B
STU1731,64,B,67,B,64,B,73,B,68,B,87,A,Commerce,60,B,Dance,98,A,Health,65,B,646,71.78,B
STU1732,45,C,84,A,37,C,68,B,54,C,8,F,Commerce,75,A,English_Lit,64,B,Home_Science,77,A,512,56.89,B
STU1733,64,B,60,B,45,C,47,C,46,C,74,B,Commerce,39,C,English_Lit,94,A,Media,94,A,563,62.56,B
STU1734,65,B,55,B,79,A,43,C,71,B,57,B,Commerce,37,C,Art,91,A,Media,40,C,538,59.78,B
STU1735,75,A,7,F,62,B,66,B,54,C,53,C,Commerce,60,B,Drama,91,A,Health,72,B,540,60,B
STU1736,43,C,59,B,57,B,100,A,39,C,56,B,Agriculture,82,A,Dance,71,B,Health,40,C,547,60.78,B
STU1737,58,B,65,B,45,C,41,C,70,B,72,B,Agriculture,47,C,English_Lit,95,A,Health,63,B,556,61.78,B
STU1738,63,B,48,C,37,C,46,C,79,A,73,B,Agriculture,37,C,Drama,79,A,Health,95,A,557,61.89,B
STU1739,38,C,94,A,68,B,77,A,88,A,90,A,Agriculture,35,C,Art,3,F,Health,96,A,589,65.44,B
STU1740,39,C,65,B,17,F,78,A,96,A,78,A,Agriculture,93,A,English_Lit,61,B,Media,55,B,582,64.67,B
STU1741,66,B,13,F,82,A,85,A,68,B,68,B,Commerce,69,B,Music,40,C,Home_Science,26,F,517,57.44,B
STU1742,57,B,57,B,77,A,62,B,69,B,97,A,Commerce,51,C,Dance,61,B,Media,81,A,612,68,B
STU1743,76,A,54,C,45,C,99,A,36,C,61,B,Agriculture,54,C,English_Lit,86,A,ICT,75,A,586,65.11,B
STU1744,95,A,96,A,43,C,27,F,46,C,29,F,Commerce,93,A,English_Lit,95,A,Home_Science,42,C,566,62.89,B
STU1745,77,A,100,A,4,F,51,C,63,B,76,A,Agriculture,66,B,Art,47,C,ICT,38,C,522,58,B
STU1746,58,B,12,F,61,B,9,F,40,C,65,B,Agriculture,71,B,Dance,86,A,Media,2,F,404,44.89,C
STU1747,61,B,46,C,82,A,38,C,66,B,70,B,Commerce,89,A,Sinhala_Lit,44,C,ICT,96,A,592,65.78,B
STU1748,68,B,54,C,17,F,100,A,72,B,92,A,Commerce,63,B,Drama,20,F,Health,6,F,492,54.67,C
STU1749,60,B,30,F,83,A,64,B,100,A,4,F,Commerce,55,B,Art,74,B,Media,50,C,520,57.78,B
STU1750,61,B,62,B,99,A,50,C,35,C,87,A,Commerce,87,A,English_Lit,64,B,Media,57,B,602,66.89,B
STU1751,57,B,34,F,34,F,67,B,56,B,51,C,Commerce,64,B,Dance,59,B,ICT,45,C,467,51.89,C
STU1752,84,A,85,A,55,B,36,C,94,A,9,F,Commerce,40,C,Drama,69,B,Media,54,C,526,58.44,B
STU1753,37,C,39,C,48,C,90,A,50,C,54,C,Agriculture,38,C,Music,100,A,Media,68,B,524,58.22,B
STU1754,50,C,56,B,54,C,61,B,37,C,59,B,Commerce,72,B,Drama,67,B,ICT,72,B,528,58.67,B
STU1755,66,B,16,F,72,B,52,C,69,B,79,A,Agriculture,65,B,Art,81,A,Home_Science,55,B,555,61.67,B
STU1756,49,C,33,F,86,A,65,B,16,F,52,C,Commerce,42,C,Art,69,B,Home_Science,42,C,454,50.44,C
STU1757,50,C,39,C,11,F,49,C,42,C,72,B,Commerce,52,C,Art,52,C,Media,66,B,433,48.11,C
STU1758,89,A,47,C,69,B,51,C,57,B,72,B,Agriculture,56,B,Dance,53,C,Media,3,F,497,55.22,B
STU1759,38,C,51,C,14,F,31,F,55,B,53,C,Agriculture,79,A,Art,72,B,ICT,45,C,438,48.67,C
STU1760,19,F,89,A,65,B,55,B,53,C,74,B,Agriculture,13,F,English_Lit,95,A,Health,85,A,548,60.89,B
STU1761,56,B,64,B,99,A,60,B,23,F,70,B,Commerce,92,A,Sinhala_Lit,51,C,Media,71,B,586,65.11,B
STU1762,40,C,63,B,100,A,73,B,61,B,75,A,Agriculture,37,C,English_Lit,73,B,Health,36,C,558,62,B
STU1763,94,A,65,B,99,A,88,A,83,A,59,B,Commerce,54,C,Drama,61,B,ICT,57,B,660,73.33,B
STU1764,36,C,55,B,91,A,61,B,24,F,89,A,Commerce,82,A,Dance,87,A,ICT,52,C,577,64.11,B
STU1765,86,A,68,B,44,C,73,B,75,A,67,B,Commerce,92,A,English_Lit,64,B,ICT,78,A,647,71.89,B
STU1766,77,A,44,C,90,A,74,B,98,A,22,F,Commerce,66,B,Art,84,A,Home_Science,60,B,615,68.33,B
STU1767,53,C,34,F,98,A,73,B,41,C,73,B,Commerce,39,C,English_Lit,62,B,Media,89,A,562,62.44,B
STU1768,40,C,46,C,53,C,17,F,40,C,97,A,Commerce,70,B,English_Lit,90,A,Health,80,A,533,59.22,B
STU1769,47,C,42,C,62,B,30,F,83,A,95,A,Commerce,86,A,English_Lit,70,B,Home_Science,61,B,576,64,B
STU1770,72,B,55,B,35,C,88,A,91,A,34,F,Agriculture,57,B,Art,81,A,ICT,71,B,584,64.89,B
STU1771,63,B,82,A,58,B,56,B,79,A,59,B,Agriculture,99,A,Sinhala_Lit,99,A,ICT,67,B,662,73.56,B
STU1772,17,F,47,C,57,B,37,C,60,B,63,B,Agriculture,71,B,Drama,71,B,ICT,56,B,479,53.22,C
STU1773,83,A,68,B,27,F,61,B,0,F,62,B,Commerce,65,B,Art,92,A,Media,36,C,494,54.89,C
STU1774,82,A,37,C,56,B,66,B,49,C,82,A,Agriculture,57,B,Sinhala_Lit,90,A,Media,47,C,566,62.89,B
STU1775,90,A,35,C,32,F,74,B,18,F,36,C,Agriculture,82,A,Sinhala_Lit,23,F,Home_Science,99,A,489,54.33,C
STU1776,82,A,47,C,68,B,80,A,75,A,53,C,Commerce,84,A,Art,12,F,Media,72,B,573,63.67,B
STU1777,36,C,67,B,43,C,8,F,65,B,71,B,Agriculture,70,B,Art,78,A,ICT,92,A,530,58.89,B
STU1778,55,B,63,B,24,F,61,B,35,C,42,C,Commerce,67,B,Art,75,A,Media,86,A,508,56.44,B
STU1779,87,A,57,B,43,C,75,A,43,C,47,C,Commerce,59,B,Art,57,B,ICT,61,B,529,58.78,B
STU1780,84,A,19,F,97,A,93,A,57,B,38,C,Commerce,35,C,Drama,73,B,Health,74,B,570,63.33,B
STU1781,37,C,60,B,5,F,39,C,57,B,65,B,Agriculture,79,A,Drama,58,B,Media,78,A,478,53.11,C
STU1782,98,A,60,B,56,B,28,F,83,A,90,A,Commerce,67,B,Sinhala_Lit,57,B,Media,63,B,602,66.89,B
STU1783,67,B,81,A,41,C,55,B,40,C,65,B,Agriculture,85,A,Music,68,B,ICT,37,C,539,59.89,B
STU1784,67,B,73,B,85,A,98,A,15,F,28,F,Commerce,67,B,Dance,43,C,Home_Science,49,C,525,58.33,B
STU1785,83,A,68,B,47,C,56,B,46,C,88,A,Agriculture,67,B,English_Lit,38,C,Home_Science,36,C,529,58.78,B
STU1786,51,C,72,B,92,A,65,B,89,A,85,A,Commerce,59,B,Drama,100,A,Media,78,A,691,76.78,A
STU1787,40,C,75,A,63,B,81,A,93,A,70,B,Agriculture,68,B,Sinhala_Lit,75,A,Media,37,C,602,66.89,B
STU1788,36,C,53,C,49,C,58,B,0,F,14,F,Commerce,40,C,English_Lit,83,A,ICT,68,B,401,44.56,C
STU1789,54,C,62,B,37,C,35,C,23,F,75,A,Agriculture,93,A,English_Lit,30,F,Media,59,B,468,52,C
STU1790,63,B,93,A,47,C,57,B,6,F,58,B,Agriculture,71,B,Art,9,F,ICT,75,A,479,53.22,C
STU1791,70,B,66,B,34,F,94,A,41,C,58,B,Commerce,2,F,Art,100,A,Health,68,B,533,59.22,B
STU1792,77,A,82,A,75,A,58,B,60,B,47,C,Agriculture,92,A,Music,98,A,ICT,81,A,670,74.44,B
STU1793,88,A,36,C,24,F,47,C,71,B,65,B,Agriculture,72,B,Art,78,A,Home_Science,32,F,513,57,B
STU1794,69,B,48,C,38,C,54,C,49,C,54,C,Commerce,54,C,Art,89,A,Media,57,B,512,56.89,B
STU1795,61,B,70,B,65,B,96,A,74,B,24,F,Commerce,35,C,Dance,3,F,Media,55,B,483,53.67,C
STU1796,51,C,44,C,85,A,46,C,79,A,53,C,Agriculture,59,B,Music,6,F,Media,89,A,512,56.89,B
STU1797,40,C,53,C,26,F,13,F,100,A,53,C,Commerce,65,B,Sinhala_Lit,65,B,Media,99,A,514,57.11,B
STU1798,65,B,58,B,82,A,42,C,66,B,96,A,Commerce,57,B,English_Lit,34,F,Media,69,B,569,63.22,B
STU1799,41,C,92,A,61,B,97,A,96,A,49,C,Agriculture,87,A,English_Lit,67,B,ICT,78,A,668,74.22,B
STU1800,52,C,97,A,55,B,77,A,51,C,49,C,Agriculture,100,A,English_Lit,98,A,ICT,55,B,634,70.44,B
STU1801,71,B,60,B,78,A,86,A,56,B,51,C,Commerce,69,B,Sinhala_Lit,28,F,ICT,49,C,548,60.89,B
STU1802,72,B,36,C,85,A,61,B,61,B,60,B,Commerce,83,A,Drama,63,B,ICT,79,A,600,66.67,B
STU1803,45,C,58,B,88,A,96,A,94,A,76,A,Commerce,68,B,Art,80,A,ICT,41,C,646,71.78,B
STU1804,66,B,51,C,72,B,77,A,52,C,11,F,Commerce,74,B,Music,89,A,ICT,88,A,580,64.44,B
STU1805,72,B,73,B,52,C,3,F,94,A,49,C,Agriculture,38,C,Art,77,A,ICT,49,C,507,56.33,B
STU1806,12,F,52,C,73,B,1,F,60,B,82,A,Commerce,57,B,Music,92,A,ICT,99,A,528,58.67,B
STU1807,86,A,99,A,53,C,82,A,4,F,59,B,Commerce,76,A,Art,24,F,Media,21,F,504,56,B
STU1808,96,A,55,B,80,A,23,F,62,B,77,A,Commerce,39,C,Dance,86,A,Home_Science,60,B,578,64.22,B
STU1809,60,B,63,B,46,C,10,F,74,B,53,C,Commerce,68,B,Music,66,B,Health,57,B,497,55.22,B
STU1810,75,A,74,B,66,B,58,B,47,C,73,B,Commerce,66,B,Art,89,A,Home_Science,69,B,617,68.56,B
STU1811,84,A,100,A,57,B,99,A,12,F,71,B,Commerce,75,A,English_Lit,98,A,Health,94,A,690,76.67,A
STU1812,71,B,73,B,77,A,42,C,97,A,61,B,Agriculture,61,B,Sinhala_Lit,80,A,ICT,47,C,609,67.67,B
STU1813,64,B,14,F,43,C,58,B,88,A,43,C,Agriculture,73,B,English_Lit,76,A,ICT,35,C,494,54.89,C
STU1814,72,B,53,C,26,F,76,A,4,F,92,A,Commerce,83,A,Drama,70,B,Home_Science,67,B,543,60.33,B
STU1815,49,C,64,B,77,A,45,C,40,C,71,B,Agriculture,38,C,Drama,47,C,Home_Science,52,C,483,53.67,C
STU1816,85,A,82,A,88,A,62,B,79,A,81,A,Commerce,79,A,Sinhala_Lit,95,A,ICT,83,A,734,81.56,A
STU1817,56,B,4,F,87,A,68,B,45,C,67,B,Commerce,45,C,Art,91,A,Health,49,C,512,56.89,B
STU1818,31,F,71,B,54,C,65,B,56,B,82,A,Commerce,55,B,Dance,70,B,ICT,25,F,509,56.56,B
STU1819,49,C,35,C,95,A,59,B,81,A,46,C,Commerce,72,B,English_Lit,98,A,Home_Science,98,A,633,70.33,B
STU1820,88,A,62,B,83,A,47,C,94,A,43,C,Commerce,52,C,Sinhala_Lit,57,B,Health,94,A,620,68.89,B
STU1821,86,A,56,B,44,C,73,B,42,C,53,C,Commerce,63,B,Art,48,C,Media,62,B,527,58.56,B
STU1822,68,B,78,A,25,F,34,F,79,A,42,C,Agriculture,71,B,Sinhala_Lit,22,F,Home_Science,63,B,482,53.56,C
STU1823,40,C,49,C,51,C,67,B,20,F,67,B,Commerce,65,B,Drama,71,B,Media,73,B,503,55.89,B
STU1824,66,B,40,C,5,F,48,C,74,B,38,C,Commerce,92,A,Art,1,F,Media,68,B,432,48,C
STU1825,45,C,90,A,26,F,56,B,46,C,50,C,Agriculture,71,B,Music,70,B,Health,72,B,526,58.44,B
STU1826,77,A,58,B,26,F,99,A,65,B,64,B,Agriculture,74,B,Sinhala_Lit,35,C,Health,72,B,570,63.33,B
STU1827,51,C,52,C,80,A,99,A,89,A,91,A,Agriculture,83,A,Art,21,F,Media,66,B,632,70.22,B
STU1828,84,A,91,A,62,B,64,B,97,A,49,C,Agriculture,95,A,Drama,11,F,ICT,99,A,652,72.44,B
STU1829,55,B,14,F,80,A,95,A,59,B,77,A,Agriculture,60,B,Dance,52,C,Health,21,F,513,57,B
STU1830,77,A,28,F,2,F,70,B,93,A,82,A,Commerce,74,B,Sinhala_Lit,55,B,Health,44,C,525,58.33,B
STU1831,39,C,65,B,64,B,31,F,97,A,83,A,Commerce,43,C,English_Lit,52,C,Health,39,C,513,57,B
STU1832,40,C,51,C,6,F,43,C,59,B,84,A,Agriculture,35,C,Art,80,A,Media,56,B,454,50.44,C
STU1833,62,B,55,B,57,B,49,C,64,B,24,F,Commerce,49,C,Music,87,A,Home_Science,61,B,508,56.44,B
STU1834,86,A,90,A,64,B,79,A,87,A,61,B,Agriculture,57,B,Music,57,B,ICT,29,F,610,67.78,B
STU1835,53,C,58,B,89,A,29,F,48,C,67,B,Commerce,41,C,Dance,96,A,Home_Science,98,A,579,64.33,B
STU1836,97,A,26,F,55,B,51,C,0,F,60,B,Agriculture,55,B,Art,100,A,Home_Science,62,B,506,56.22,B
STU1837,66,B,64,B,70,B,39,C,95,A,86,A,Commerce,86,A,Dance,95,A,Health,38,C,639,71,B
STU1838,85,A,59,B,81,A,20,F,62,B,93,A,Commerce,66,B,Art,83,A,ICT,57,B,606,67.33,B
STU1839,36,C,76,A,57,B,54,C,97,A,69,B,Agriculture,39,C,Art,77,A,Media,90,A,595,66.11,B
STU1840,43,C,74,B,39,C,97,A,98,A,97,A,Agriculture,0,F,Dance,18,F,Home_Science,14,F,480,53.33,C
STU1841,85,A,90,A,65,B,78,A,63,B,92,A,Commerce,69,B,Drama,54,C,ICT,59,B,655,72.78,B
STU1842,14,F,40,C,86,A,71,B,57,B,78,A,Agriculture,57,B,Music,45,C,Health,6,F,454,50.44,C
STU1843,56,B,73,B,15,F,59,B,68,B,60,B,Commerce,41,C,Drama,63,B,Health,86,A,521,57.89,B
STU1844,55,B,93,A,83,A,21,F,55,B,85,A,Agriculture,68,B,Music,38,C,Media,84,A,582,64.67,B
STU1845,55,B,93,A,64,B,79,A,35,C,82,A,Agriculture,35,C,Drama,86,A,Health,60,B,589,65.44,B
STU1846,52,C,64,B,57,B,8,F,64,B,59,B,Agriculture,89,A,Sinhala_Lit,57,B,Health,24,F,474,52.67,C
STU1847,57,B,99,A,58,B,52,C,95,A,73,B,Agriculture,62,B,Drama,97,A,ICT,57,B,650,72.22,B
STU1848,62,B,45,C,70,B,66,B,78,A,51,C,Agriculture,97,A,Dance,48,C,Health,64,B,581,64.56,B
STU1849,63,B,59,B,72,B,73,B,44,C,53,C,Agriculture,75,A,Dance,36,C,Home_Science,63,B,538,59.78,B
STU1850,48,C,50,C,36,C,46,C,81,A,63,B,Commerce,45,C,Sinhala_Lit,71,B,ICT,50,C,490,54.44,C
STU1851,23,F,91,A,37,C,81,A,48,C,48,C,Commerce,78,A,Drama,46,C,Media,44,C,496,55.11,B
STU1852,31,F,30,F,74,B,90,A,38,C,84,A,Agriculture,99,A,Sinhala_Lit,93,A,Health,80,A,619,68.78,B
STU1853,60,B,62,B,4,F,56,B,92,A,91,A,Agriculture,47,C,Art,47,C,ICT,79,A,538,59.78,B
STU1854,41,C,54,C,84,A,82,A,37,C,40,C,Agriculture,77,A,Drama,61,B,Health,70,B,546,60.67,B
STU1855,55,B,23,F,64,B,54,C,43,C,77,A,Agriculture,22,F,Dance,71,B,Home_Science,84,A,493,54.78,C
STU1856,82,A,93,A,73,B,51,C,59,B,44,C,Agriculture,83,A,Sinhala_Lit,71,B,Health,59,B,615,68.33,B
STU1857,81,A,100,A,85,A,47,C,72,B,55,B,Agriculture,94,A,Art,43,C,ICT,96,A,673,74.78,B
STU1858,41,C,41,C,39,C,78,A,96,A,53,C,Commerce,73,B,English_Lit,20,F,Health,57,B,498,55.33,B
STU1859,80,A,61,B,72,B,48,C,62,B,87,A,Agriculture,39,C,Music,92,A,Media,90,A,631,70.11,B
STU1860,83,A,7,F,15,F,71,B,21,F,60,B,Commerce,5,F,Art,66,B,Health,63,B,391,43.44,C
STU1861,76,A,65,B,12,F,41,C,76,A,48,C,Commerce,45,C,Dance,61,B,Media,57,B,481,53.44,C
STU1862,35,C,19,F,35,C,69,B,13,F,49,C,Commerce,56,B,Dance,67,B,ICT,34,F,377,41.89,C
STU1863,40,C,38,C,40,C,88,A,67,B,53,C,Agriculture,42,C,Sinhala_Lit,36,C,ICT,76,A,480,53.33,C
STU1864,69,B,66,B,47,C,73,B,62,B,47,C,Agriculture,85,A,Dance,57,B,Home_Science,91,A,597,66.33,B
STU1865,82,A,100,A,96,A,95,A,76,A,7,F,Agriculture,70,B,Music,44,C,ICT,75,A,645,71.67,B
STU1866,5,F,52,C,55,B,74,B,57,B,4,F,Agriculture,74,B,Art,98,A,Home_Science,68,B,487,54.11,C
STU1867,86,A,21,F,78,A,66,B,47,C,64,B,Commerce,71,B,Dance,81,A,ICT,89,A,603,67,B
STU1868,41,C,31,F,17,F,50,C,74,B,86,A,Agriculture,56,B,Art,64,B,Home_Science,98,A,517,57.44,B
STU1869,32,F,74,B,57,B,68,B,59,B,42,C,Agriculture,71,B,Dance,57,B,Health,40,C,500,55.56,B
STU1870,83,A,74,B,67,B,91,A,64,B,52,C,Commerce,46,C,Music,63,B,ICT,51,C,591,65.67,B
STU1871,52,C,82,A,37,C,55,B,47,C,74,B,Agriculture,95,A,Sinhala_Lit,76,A,Health,4,F,522,58,B
STU1872,46,C,79,A,89,A,79,A,60,B,49,C,Agriculture,93,A,English_Lit,63,B,Media,48,C,606,67.33,B
STU1873,66,B,41,C,73,B,41,C,73,B,55,B,Agriculture,51,C,Dance,81,A,ICT,11,F,492,54.67,C
STU1874,51,C,53,C,9,F,54,C,93,A,20,F,Agriculture,70,B,Drama,91,A,ICT,60,B,501,55.67,B
STU1875,7,F,42,C,43,C,84,A,55,B,81,A,Agriculture,61,B,Music,38,C,Health,63,B,474,52.67,C
STU1876,79,A,53,C,91,A,6,F,55,B,87,A,Agriculture,38,C,English_Lit,46,C,Media,10,F,465,51.67,C
STU1877,52,C,97,A,99,A,95,A,54,C,61,B,Commerce,15,F,Art,70,B,Media,19,F,562,62.44,B
STU1878,75,A,88,A,75,A,70,B,33,F,42,C,Agriculture,74,B,Art,78,A,Health,91,A,626,69.56,B
STU1879,74,B,99,A,41,C,76,A,76,A,35,C,Agriculture,97,A,Sinhala_Lit,38,C,Home_Science,95,A,631,70.11,B
STU1880,73,B,74,B,8,F,33,F,41,C,46,C,Agriculture,44,C,Art,50,C,Health,77,A,446,49.56,C
STU1881,69,B,55,B,71,B,70,B,37,C,42,C,Commerce,96,A,Sinhala_Lit,89,A,Health,86,A,615,68.33,B
STU1882,81,A,36,C,11,F,80,A,48,C,71,B,Agriculture,40,C,Art,67,B,Media,88,A,522,58,B
STU1883,71,B,75,A,35,C,50,C,67,B,90,A,Agriculture,66,B,English_Lit,40,C,Home_Science,71,B,565,62.78,B
STU1884,53,C,76,A,69,B,49,C,79,A,71,B,Commerce,69,B,English_Lit,58,B,Health,82,A,606,67.33,B
STU1885,66,B,53,C,69,B,48,C,47,C,55,B,Agriculture,25,F,English_Lit,76,A,Home_Science,21,F,460,51.11,C
STU1886,62,B,6,F,100,A,37,C,84,A,93,A,Agriculture,37,C,Music,96,A,Home_Science,77,A,592,65.78,B
STU1887,48,C,59,B,95,A,76,A,44,C,78,A,Commerce,62,B,Art,71,B,Media,99,A,632,70.22,B
STU1888,83,A,58,B,58,B,46,C,100,A,68,B,Commerce,66,B,English_Lit,64,B,Health,70,B,613,68.11,B
STU1889,97,A,50,C,31,F,55,B,51,C,41,C,Agriculture,93,A,English_Lit,78,A,Home_Science,95,A,591,65.67,B
STU1890,82,A,81,A,90,A,55,B,79,A,52,C,Commerce,58,B,Art,69,B,ICT,70,B,636,70.67,B
STU1891,65,B,47,C,44,C,82,A,5,F,82,A,Commerce,22,F,Drama,65,B,ICT,86,A,498,55.33,B
STU1892,61,B,68,B,72,B,52,C,42,C,47,C,Commerce,85,A,Music,82,A,Home_Science,60,B,569,63.22,B
STU1893,72,B,53,C,44,C,45,C,9,F,59,B,Agriculture,90,A,Drama,64,B,Media,90,A,526,58.44,B
STU1894,37,C,79,A,79,A,64,B,48,C,75,A,Commerce,68,B,Sinhala_Lit,26,F,Home_Science,48,C,524,58.22,B
STU1895,93,A,28,F,55,B,69,B,92,A,52,C,Agriculture,94,A,Sinhala_Lit,3,F,Health,74,B,560,62.22,B
STU1896,47,C,67,B,73,B,40,C,22,F,36,C,Commerce,58,B,English_Lit,99,A,ICT,74,B,516,57.33,B
STU1897,76,A,98,A,62,B,90,A,67,B,68,B,Agriculture,61,B,English_Lit,56,B,Home_Science,65,B,643,71.44,B
STU1898,93,A,87,A,81,A,63,B,1,F,61,B,Agriculture,61,B,Music,66,B,ICT,62,B,575,63.89,B
STU1899,26,F,82,A,65,B,40,C,66,B,90,A,Agriculture,49,C,Music,80,A,ICT,59,B,557,61.89,B
STU1900,38,C,45,C,96,A,95,A,95,A,35,C,Commerce,68,B,Art,50,C,ICT,68,B,590,65.56,B
STU1901,72,B,69,B,48,C,57,B,58,B,36,C,Agriculture,54,C,Drama,72,B,Media,70,B,536,59.56,B
STU1902,38,C,35,C,51,C,79,A,30,F,84,A,Commerce,41,C,Dance,76,A,Health,26,F,460,51.11,C
STU1903,70,B,66,B,43,C,31,F,62,B,54,C,Commerce,40,C,Music,42,C,Health,74,B,482,53.56,C
STU1904,86,A,71,B,80,A,72,B,59,B,44,C,Agriculture,95,A,Art,71,B,Media,69,B,647,71.89,B
STU1905,97,A,19,F,88,A,35,C,66,B,69,B,Commerce,42,C,Sinhala_Lit,56,B,Home_Science,10,F,482,53.56,C
STU1906,82,A,65,B,69,B,62,B,90,A,59,B,Agriculture,17,F,Art,71,B,Health,84,A,599,66.56,B
STU1907,65,B,10,F,94,A,49,C,20,F,44,C,Commerce,51,C,Art,97,A,Health,91,A,521,57.89,B
STU1908,45,C,66,B,55,B,38,C,54,C,99,A,Agriculture,48,C,Art,53,C,ICT,63,B,521,57.89,B
STU1909,57,B,58,B,53,C,58,B,90,A,67,B,Agriculture,5,F,Art,85,A,Media,80,A,553,61.44,B
STU1910,56,B,44,C,62,B,39,C,83,A,82,A,Commerce,87,A,Dance,64,B,Home_Science,65,B,582,64.67,B
STU1911,65,B,57,B,86,A,94,A,8,F,46,C,Commerce,67,B,Sinhala_Lit,68,B,Media,95,A,586,65.11,B
STU1912,40,C,95,A,55,B,25,F,61,B,88,A,Commerce,65,B,Music,49,C,Media,56,B,534,59.33,B
STU1913,21,F,6,F,66,B,46,C,23,F,54,C,Agriculture,48,C,Dance,66,B,ICT,72,B,402,44.67,C
STU1914,52,C,40,C,36,C,82,A,73,B,55,B,Agriculture,57,B,Dance,2,F,Home_Science,40,C,437,48.56,C
STU1915,64,B,46,C,72,B,83,A,68,B,81,A,Agriculture,45,C,Art,43,C,Home_Science,57,B,559,62.11,B
STU1916,84,A,82,A,67,B,62,B,41,C,36,C,Agriculture,57,B,Dance,66,B,ICT,46,C,541,60.11,B
STU1917,90,A,75,A,23,F,86,A,36,C,75,A,Agriculture,53,C,Dance,37,C,ICT,67,B,542,60.22,B
STU1918,56,B,74,B,96,A,39,C,69,B,85,A,Agriculture,50,C,Music,80,A,Health,92,A,641,71.22,B
STU1919,88,A,4,F,75,A,73,B,58,B,97,A,Commerce,72,B,Dance,66,B,Media,70,B,603,67,B
STU1920,100,A,99,A,47,C,99,A,68,B,93,A,Agriculture,54,C,Sinhala_Lit,58,B,Media,71,B,689,76.56,A
STU1921,70,B,61,B,43,C,98,A,66,B,81,A,Commerce,88,A,Sinhala_Lit,88,A,Media,44,C,639,71,B
STU1922,44,C,52,C,87,A,64,B,71,B,63,B,Commerce,82,A,English_Lit,39,C,Media,72,B,574,63.78,B
STU1923,35,C,75,A,51,C,51,C,41,C,86,A,Commerce,69,B,Art,48,C,Home_Science,35,C,491,54.56,C
STU1924,94,A,89,A,41,C,71,B,49,C,37,C,Commerce,62,B,Dance,56,B,Home_Science,40,C,539,59.89,B
STU1925,95,A,67,B,41,C,56,B,98,A,71,B,Agriculture,38,C,English_Lit,73,B,Media,95,A,634,70.44,B
STU1926,58,B,29,F,55,B,90,A,80,A,84,A,Agriculture,75,A,Music,76,A,Media,76,A,623,69.22,B
STU1927,0,F,65,B,98,A,65,B,58,B,52,C,Commerce,54,C,English_Lit,80,A,Home_Science,87,A,559,62.11,B
STU1928,96,A,64,B,89,A,50,C,58,B,83,A,Commerce,57,B,Dance,76,A,Media,46,C,619,68.78,B
STU1929,88,A,29,F,98,A,75,A,63,B,13,F,Commerce,65,B,Art,42,C,Health,76,A,549,61,B
STU1930,56,B,65,B,55,B,43,C,82,A,56,B,Commerce,56,B,English_Lit,55,B,Health,61,B,529,58.78,B
STU1931,77,A,38,C,75,A,84,A,85,A,59,B,Commerce,16,F,English_Lit,35,C,Media,69,B,538,59.78,B
STU1932,90,A,99,A,98,A,86,A,65,B,62,B,Commerce,59,B,Drama,34,F,Health,94,A,687,76.33,A
STU1933,97,A,39,C,55,B,68,B,15,F,38,C,Commerce,17,F,Drama,91,A,Home_Science,39,C,459,51,C
STU1934,99,A,85,A,50,C,60,B,71,B,47,C,Commerce,81,A,Sinhala_Lit,95,A,Health,46,C,634,70.44,B
STU1935,14,F,95,A,99,A,73,B,61,B,71,B,Agriculture,38,C,Dance,93,A,Home_Science,59,B,603,67,B
STU1936,55,B,37,C,93,A,46,C,54,C,85,A,Commerce,43,C,Sinhala_Lit,61,B,Health,98,A,572,63.56,B
STU1937,44,C,71,B,41,C,59,B,62,B,47,C,Agriculture,52,C,English_Lit,20,F,Media,71,B,467,51.89,C
STU1938,81,A,84,A,56,B,74,B,13,F,40,C,Agriculture,85,A,Sinhala_Lit,94,A,Media,40,C,567,63,B
STU1939,78,A,52,C,80,A,90,A,74,B,68,B,Commerce,94,A,Dance,51,C,Media,78,A,665,73.89,B
STU1940,37,C,66,B,12,F,66,B,42,C,62,B,Commerce,92,A,Music,88,A,Home_Science,75,A,540,60,B
STU1941,35,C,35,C,51,C,84,A,76,A,37,C,Commerce,65,B,Music,46,C,Home_Science,63,B,492,54.67,C
STU1942,89,A,71,B,68,B,82,A,86,A,12,F,Agriculture,72,B,Drama,69,B,Health,55,B,604,67.11,B
STU1943,43,C,58,B,1,F,73,B,84,A,36,C,Agriculture,54,C,Sinhala_Lit,72,B,ICT,71,B,492,54.67,C
STU1944,39,C,26,F,43,C,72,B,41,C,64,B,Agriculture,50,C,Sinhala_Lit,47,C,Health,87,A,469,52.11,C
STU1945,17,F,47,C,69,B,50,C,9,F,47,C,Commerce,49,C,Dance,55,B,Media,58,B,401,44.56,C
STU1946,75,A,67,B,64,B,38,C,47,C,63,B,Commerce,86,A,Drama,96,A,Media,59,B,595,66.11,B
STU1947,69,B,49,C,87,A,62,B,40,C,70,B,Commerce,22,F,Art,46,C,Health,80,A,525,58.33,B
STU1948,60,B,67,B,72,B,77,A,49,C,80,A,Agriculture,79,A,Music,45,C,Home_Science,76,A,605,67.22,B
STU1949,96,A,71,B,85,A,65,B,63,B,98,A,Commerce,26,F,English_Lit,31,F,Home_Science,61,B,596,66.22,B
STU1950,79,A,84,A,92,A,18,F,88,A,55,B,Commerce,47,C,Art,91,A,Media,97,A,651,72.33,B
STU1951,72,B,46,C,45,C,15,F,59,B,52,C,Agriculture,60,B,Art,59,B,Media,35,C,443,49.22,C
STU1952,78,A,76,A,88,A,93,A,63,B,58,B,Commerce,5,F,Dance,74,B,Media,32,F,567,63,B
STU1953,87,A,53,C,53,C,41,C,12,F,100,A,Commerce,66,B,Art,7,F,Home_Science,51,C,470,52.22,C
STU1954,50,C,65,B,65,B,41,C,92,A,52,C,Agriculture,94,A,Art,4,F,Home_Science,80,A,543,60.33,B
STU1955,35,C,26,F,83,A,57,B,48,C,66,B,Commerce,66,B,Dance,37,C,Home_Science,37,C,455,50.56,C
STU1956,56,B,44,C,50,C,12,F,74,B,95,A,Agriculture,73,B,Dance,67,B,Media,81,A,552,61.33,B
STU1957,60,B,62,B,66,B,70,B,44,C,97,A,Agriculture,73,B,Dance,89,A,Media,43,C,604,67.11,B
STU1958,84,A,94,A,60,B,50,C,74,B,82,A,Agriculture,53,C,Dance,52,C,Media,67,B,616,68.44,B
STU1959,36,C,46,C,89,A,44,C,59,B,93,A,Commerce,93,A,Music,37,C,ICT,28,F,525,58.33,B
STU1960,46,C,63,B,72,B,71,B,47,C,70,B,Commerce,6,F,Music,92,A,ICT,89,A,556,61.78,B
STU1961,84,A,59,B,53,C,76,A,70,B,44,C,Agriculture,54,C,English_Lit,50,C,Media,61,B,551,61.22,B
STU1962,45,C,17,F,90,A,43,C,86,A,65,B,Agriculture,52,C,Music,61,B,ICT,6,F,465,51.67,C
STU1963,16,F,58,B,51,C,55,B,90,A,86,A,Agriculture,58,B,Art,80,A,Media,80,A,574,63.78,B
STU1964,93,A,73,B,76,A,79,A,59,B,43,C,Commerce,77,A,Drama,69,B,Media,44,C,613,68.11,B
STU1965,76,A,81,A,97,A,88,A,78,A,74,B,Commerce,44,C,English_Lit,84,A,Health,37,C,659,73.22,B
STU1966,62,B,88,A,91,A,38,C,80,A,50,C,Commerce,81,A,English_Lit,51,C,ICT,69,B,610,67.78,B
STU1967,93,A,64,B,81,A,99,A,36,C,63,B,Agriculture,73,B,Dance,79,A,ICT,65,B,653,72.56,B
STU1968,42,C,39,C,69,B,56,B,84,A,63,B,Commerce,86,A,Music,74,B,Media,94,A,607,67.44,B
STU1969,93,A,65,B,74,B,88,A,81,A,74,B,Commerce,73,B,Dance,48,C,ICT,90,A,686,76.22,A
STU1970,50,C,44,C,48,C,59,B,39,C,75,A,Commerce,36,C,Drama,53,C,ICT,55,B,459,51,C
STU1971,67,B,75,A,51,C,72,B,82,A,35,C,Agriculture,83,A,English_Lit,5,F,Home_Science,93,A,563,62.56,B
STU1972,92,A,18,F,58,B,66,B,47,C,88,A,Agriculture,65,B,Music,92,A,ICT,88,A,614,68.22,B
STU1973,50,C,72,B,34,F,42,C,78,A,1,F,Commerce,96,A,Art,62,B,ICT,50,C,485,53.89,C
STU1974,85,A,99,A,21,F,55,B,60,B,94,A,Agriculture,67,B,Art,44,C,Health,75,A,600,66.67,B
STU1975,73,B,90,A,24,F,71,B,47,C,79,A,Agriculture,93,A,English_Lit,11,F,Home_Science,64,B,552,61.33,B
STU1976,54,C,52,C,39,C,61,B,84,A,63,B,Agriculture,93,A,Sinhala_Lit,98,A,Media,63,B,607,67.44,B
STU1977,9,F,53,C,69,B,54,C,88,A,45,C,Agriculture,61,B,Sinhala_Lit,61,B,Health,84,A,524,58.22,B
STU1978,86,A,81,A,69,B,63,B,49,C,34,F,Commerce,64,B,Music,74,B,Home_Science,67,B,587,65.22,B
STU1979,77,A,45,C,71,B,80,A,82,A,82,A,Commerce,92,A,English_Lit,96,A,Health,89,A,714,79.33,A
STU1980,76,A,1,F,85,A,58,B,85,A,10,F,Commerce,66,B,Dance,75,A,Health,98,A,554,61.56,B
STU1981,64,B,99,A,73,B,95,A,35,C,83,A,Agriculture,38,C,English_Lit,80,A,Health,40,C,607,67.44,B
STU1982,86,A,86,A,62,B,21,F,38,C,65,B,Agriculture,96,A,Sinhala_Lit,77,A,ICT,87,A,618,68.67,B
STU1983,28,F,47,C,47,C,93,A,62,B,44,C,Commerce,92,A,Art,76,A,Home_Science,65,B,554,61.56,B
STU1984,44,C,44,C,82,A,40,C,48,C,32,F,Commerce,82,A,Drama,40,C,Home_Science,81,A,493,54.78,C
STU1985,92,A,49,C,25,F,42,C,69,B,86,A,Agriculture,70,B,Sinhala_Lit,14,F,ICT,50,C,497,55.22,B
STU1986,54,C,82,A,69,B,92,A,73,B,91,A,Agriculture,81,A,Drama,54,C,Home_Science,1,F,597,66.33,B
STU1987,43,C,69,B,31,F,70,B,41,C,29,F,Commerce,93,A,Dance,73,B,ICT,55,B,504,56,B
STU1988,74,B,98,A,52,C,63,B,81,A,99,A,Commerce,4,F,Sinhala_Lit,82,A,Health,12,F,565,62.78,B
STU1989,70,B,93,A,56,B,91,A,65,B,70,B,Agriculture,4,F,Music,61,B,Media,70,B,580,64.44,B
STU1990,43,C,68,B,97,A,47,C,72,B,3,F,Agriculture,54,C,Drama,47,C,ICT,43,C,474,52.67,C
STU1991,91,A,96,A,99,A,58,B,86,A,53,C,Agriculture,46,C,Art,58,B,Home_Science,41,C,628,69.78,B
STU1992,82,A,93,A,98,A,45,C,16,F,70,B,Commerce,60,B,Dance,65,B,Health,63,B,592,65.78,B
STU1993,96,A,62,B,63,B,73,B,65,B,41,C,Agriculture,9,F,Music,100,A,Media,80,A,589,65.44,B
STU1994,83,A,61,B,71,B,74,B,69,B,89,A,Commerce,78,A,Art,37,C,ICT,63,B,625,69.44,B
STU1995,68,B,56,B,43,C,53,C,82,A,94,A,Agriculture,68,B,Sinhala_Lit,82,A,Home_Science,50,C,596,66.22,B
STU1996,69,B,90,A,62,B,74,B,45,C,82,A,Agriculture,64,B,Drama,43,C,Health,51,C,580,64.44,B
STU1997,92,A,69,B,46,C,37,C,86,A,70,B,Commerce,32,F,Art,99,A,Health,91,A,622,69.11,B
STU1998,76,A,10,F,42,C,58,B,32,F,69,B,Commerce,2,F,Drama,85,A,ICT,61,B,435,48.33,C
STU1999,96,A,45,C,50,C,56,B,58,B,45,C,Agriculture,49,C,Music,72,B,Media,74,B,545,60.56,B
STU2000,87,A,83,A,20,F,52,C,60,B,45,C,Agriculture,59,B,Sinhala_Lit,99,A,Media,5,F,510,56.67,B
